,id,displayName,type,uri,status,popularity,start,performance,ageRestriction,flaggedAsEnded,venue,location,end,series
0,39373622,Lake Travis Film Festival 2020,Festival,http://www.songkick.com/festivals/3285567-lake-travis-film/id/39373622-lake-travis-film-festival-2020?utm_source=59582&utm_medium=partner,ok,4.1e-05,"{'date': '2020-02-27', 'datetime': None, 'time': None}","[{'id': 74496117, 'displayName': 'David Shabani', 'billing': 'headline', 'billingIndex': 1, 'artist': {'id': 5944264, 'displayName': 'David Shabani', 'uri': 'http://www.songkick.com/artists/5944264-david-shabani?utm_source=59582&utm_medium=partner', 'identifier': []}}]",,False,"{'id': None, 'displayName': 'Unknown venue', 'uri': None, 'metroArea': {'displayName': 'Austin', 'country': {'displayName': 'US'}, 'state': {'displayName': 'TX'}, 'id': 9179, 'uri': 'http://www.songkick.com/metro-areas/9179-us-austin?utm_source=59582&utm_medium=partner'}, 'lat': 30.36798, 'lng': -97.99168}","{'city': 'Lakeway, TX, US', 'lat': 30.36798, 'lng': -97.99168}","{'date': '2020-03-01', 'time': None, 'datetime': None}",{'displayName': 'Lake Travis Film Festival'}
1,39131500,"Sloan at 3ten Austin City Limits Live (February 28, 2020)",Concert,http://www.songkick.com/concerts/39131500-sloan-at-3ten-austin-city-limits-live?utm_source=59582&utm_medium=partner,ok,0.009046,"{'date': '2020-02-28', 'datetime': '2020-02-28T20:30:00-0600', 'time': '20:30:00'}","[{'id': 74090737, 'displayName': 'Sloan', 'billing': 'headline', 'billingIndex': 1, 'artist': {'id': 198102, 'displayName': 'Sloan', 'uri': 'http://www.songkick.com/artists/198102-sloan?utm_source=59582&utm_medium=partner', 'identifier': [{'mbid': '5a63c831-5bdb-444d-a9db-974501e3317d', 'href': 'http://api.songkick.com/api/3.0/artists/mbid:5a63c831-5bdb-444d-a9db-974501e3317d.json'}]}}]",,False,"{'id': 3228859, 'displayName': '3ten Austin City Limits Live', 'uri': 'http://www.songkick.com/venues/3228859-3ten-austin-city-limits-live?utm_source=59582&utm_medium=partner', 'metroArea': {'displayName': 'Austin', 'country': {'displayName': 'US'}, 'state': {'displayName': 'TX'}, 'id': 9179, 'uri': 'http://www.songkick.com/metro_areas/9179-us-austin?utm_source=59582&utm_medium=partner'}, 'lat': 30.26536, 'lng': -97.7473}","{'city': 'Austin, TX, US', 'lat': 30.26536, 'lng': -97.7473}",,
2,39230373,"Magic City Hippies with maye at Emo's Austin (February 28, 2020)",Concert,http://www.songkick.com/concerts/39230373-magic-city-hippies-at-emos-austin?utm_source=59582&utm_medium=partner,ok,0.008504,"{'date': '2020-02-28', 'datetime': '2020-02-28T20:00:00-0600', 'time': '20:00:00'}","[{'id': 74256694, 'displayName': 'Magic City Hippies', 'billing': 'headline', 'billingIndex': 1, 'artist': {'id': 8966569, 'displayName': 'Magic City Hippies', 'uri': 'http://www.songkick.com/artists/8966569-magic-city-hippies?utm_source=59582&utm_medium=partner', 'identifier': [{'mbid': '36b4fc35-165a-48fa-9897-dd83eecc01d9', 'href': 'http://api.songkick.com/api/3.0/artists/mbid:36b4fc35-165a-48fa-9897-dd83eecc01d9.json'}]}}, {'id': 74364493, 'displayName': 'maye', 'billing': 'support', 'billingIndex': 2, 'artist': {'id': 10090600, 'displayName': 'maye', 'uri': 'http://www.songkick.com/artists/10090600-maye?utm_source=59582&utm_medium=partner', 'identifier': [{'mbid': '8defdbff-e4f3-4d90-a36b-4cc0338ed52b', 'href': 'http://api.songkick.com/api/3.0/artists/mbid:8defdbff-e4f3-4d90-a36b-4cc0338ed52b.json'}]}}]",,False,"{'id': 1421588, 'displayName': ""Emo's Austin"", 'uri': 'http://www.songkick.com/venues/1421588-emos-austin?utm_source=59582&utm_medium=partner', 'metroArea': {'displayName': 'Austin', 'country': {'displayName': 'US'}, 'state': {'displayName': 'TX'}, 'id': 9179, 'uri': 'http://www.songkick.com/metro-areas/9179-us-austin?utm_source=59582&utm_medium=partner'}, 'lat': 30.2404, 'lng': -97.7282}","{'city': 'Austin, TX, US', 'lat': 30.2404, 'lng': -97.7282}",,
3,39246243,"Beach Bunny with Field Medic and Indigo De Souza at Barracuda - Tx (February 28, 2020)",Concert,http://www.songkick.com/concerts/39246243-beach-bunny-at-barracuda-tx?utm_source=59582&utm_medium=partner,ok,0.009449,"{'date': '2020-02-28', 'datetime': '2020-02-28T20:00:00-0600', 'time': '20:00:00'}","[{'id': 74282805, 'displayName': 'Beach Bunny', 'billing': 'headline', 'billingIndex': 1, 'artist': {'id': 8950714, 'displayName': 'Beach Bunny', 'uri': 'http://www.songkick.com/artists/8950714-beach-bunny?utm_source=59582&utm_medium=partner', 'identifier': [{'mbid': 'bdb2e504-7372-4f5b-a6c7-d578021c53b5', 'href': 'http://api.songkick.com/api/3.0/artists/mbid:bdb2e504-7372-4f5b-a6c7-d578021c53b5.json'}]}}, {'id': 74415978, 'displayName': 'Field Medic', 'billing': 'support', 'billingIndex': 2, 'artist': {'id': 7600294, 'displayName': 'Field Medic', 'uri': 'http://www.songkick.com/artists/7600294-field-medic?utm_source=59582&utm_medium=partner', 'identifier': [{'mbid': '4a42d940-ad63-4b06-a871-f6e37eab4c6f', 'href': 'http://api.songkick.com/api/3.0/artists/mbid:4a42d940-ad63-4b06-a871-f6e37eab4c6f.json'}]}}, {'id': 74415979, 'displayName': 'Indigo De Souza', 'billing': 'support', 'billingIndex': 3, 'artist': {'id': 9563889, 'displayName': 'Indigo De Souza', 'uri': 'http://www.songkick.com/artists/9563889-indigo-de-souza?utm_source=59582&utm_medium=partner', 'identifier': [{'mbid': 'a8d894ce-0e6b-4ddd-a49b-46f6330a590f', 'href': 'http://api.songkick.com/api/3.0/artists/mbid:a8d894ce-0e6b-4ddd-a49b-46f6330a590f.json'}]}}]",,False,"{'id': 4012609, 'displayName': 'Barracuda - Tx', 'uri': 'http://www.songkick.com/venues/4012609-barracuda-tx?utm_source=59582&utm_medium=partner', 'metroArea': {'displayName': 'Austin', 'country': {'displayName': 'US'}, 'state': {'displayName': 'TX'}, 'id': 9179, 'uri': 'http://www.songkick.com/metro-areas/9179-us-austin?utm_source=59582&utm_medium=partner'}, 'lat': 30.27292, 'lng': -97.74439}","{'city': 'Austin, TX, US', 'lat': 30.27292, 'lng': -97.74439}",,
4,39265915,"YBN Cordae at Come and Take It Live (February 28, 2020)",Concert,http://www.songkick.com/concerts/39265915-ybn-cordae-at-come-and-take-it-live?utm_source=59582&utm_medium=partner,ok,0.033429,"{'date': '2020-02-28', 'datetime': '2020-02-28T20:00:00-0600', 'time': '20:00:00'}","[{'id': 74315692, 'displayName': 'YBN Cordae', 'billing': 'headline', 'billingIndex': 1, 'artist': {'id': 9593889, 'displayName': 'YBN Cordae', 'uri': 'http://www.songkick.com/artists/9593889-ybn-cordae?utm_source=59582&utm_medium=partner', 'identifier': [{'mbid': '994a4bd6-584e-40c8-a8d7-5fdc3b6db8b2', 'href': 'http://api.songkick.com/api/3.0/artists/mbid:994a4bd6-584e-40c8-a8d7-5fdc3b6db8b2.json'}]}}]",,False,"{'id': 3536089, 'displayName': 'Come and Take It Live', 'uri': 'http://www.songkick.com/venues/3536089-come-and-take-it-live?utm_source=59582&utm_medium=partner', 'metroArea': {'displayName': 'Austin', 'country': {'displayName': 'US'}, 'state': {'displayName': 'TX'}, 'id': 9179, 'uri': 'http://www.songkick.com/metro-areas/9179-us-austin?utm_source=59582&utm_medium=partner'}, 'lat': 30.24054, 'lng': -97.72827}","{'city': 'Austin, TX, US', 'lat': 30.24054, 'lng': -97.72827}",,
5,39314626,"Los Lobos and Ozomatli at Austin City Limits Live at The Moody Theater (February 28, 2020)",Concert,http://www.songkick.com/concerts/39314626-los-lobos-at-austin-city-limits-live-at-the-moody-theater?utm_source=59582&utm_medium=partner,ok,0.031912,"{'date': '2020-02-28', 'datetime': '2020-02-28T20:00:00-0600', 'time': '20:00:00'}","[{'id': 74397001, 'displayName': 'Los Lobos', 'billing': 'headline', 'billingIndex': 1, 'artist': {'id': 288310, 'displayName': 'Los Lobos', 'uri': 'http://www.songkick.com/artists/288310-los-lobos?utm_source=59582&utm_medium=partner', 'identifier': [{'mbid': '2b9967c7-3246-4658-a561-ded5408dd9af', 'href': 'http://api.songkick.com/api/3.0/artists/mbid:2b9967c7-3246-4658-a561-ded5408dd9af.json'}]}}, {'id': 74397002, 'displayName': 'Ozomatli', 'billing': 'headline', 'billingIndex': 2, 'artist': {'id': 35589, 'displayName': 'Ozomatli', 'uri': 'http://www.songkick.com/artists/35589-ozomatli?utm_source=59582&utm_medium=partner', 'identifier': [{'mbid': '7e54639b-ee66-4452-a612-918d4c3c73c4', 'href': 'http://api.songkick.com/api/3.0/artists/mbid:7e54639b-ee66-4452-a612-918d4c3c73c4.json'}]}}]",,False,"{'id': 1182661, 'displayName': 'Austin City Limits Live at The Moody Theater', 'uri': 'http://www.songkick.com/venues/1182661-austin-city-limits-live-at-the-moody-theater?utm_source=59582&utm_medium=partner', 'metroArea': {'displayName': 'Austin', 'country': {'displayName': 'US'}, 'state': {'displayName': 'TX'}, 'id': 9179, 'uri': 'http://www.songkick.com/metro-areas/9179-us-austin?utm_source=59582&utm_medium=partner'}, 'lat': 30.26536, 'lng': -97.74727}","{'city': 'Austin, TX, US', 'lat': 30.26536, 'lng': -97.74727}",,
6,39337654,"City Morgue with TOKYO'S REVENGE at Stubb's Barbeque (February 28, 2020)",Concert,http://www.songkick.com/concerts/39337654-city-morgue-at-stubbs-barbeque?utm_source=59582&utm_medium=partner,ok,0.002084,"{'date': '2020-02-28', 'datetime': '2020-02-28T21:00:00-0600', 'time': '21:00:00'}","[{'id': 74435411, 'displayName': 'City Morgue', 'billing': 'headline', 'billingIndex': 1, 'artist': {'id': 9943319, 'displayName': 'City Morgue', 'uri': 'http://www.songkick.com/artists/9943319-city-morgue?utm_source=59582&utm_medium=partner', 'identifier': [{'mbid': '1753c1f6-a9b4-4645-a57c-1c05ab48e29f', 'href': 'http://api.songkick.com/api/3.0/artists/mbid:1753c1f6-a9b4-4645-a57c-1c05ab48e29f.json'}]}}, {'id': 74579838, 'displayName': ""TOKYO'S REVENGE"", 'billing': 'support', 'billingIndex': 2, 'artist': {'id': 10111017, 'displayName': ""TOKYO'S REVENGE"", 'uri': 'http://www.songkick.com/artists/10111017-tokyos-revenge?utm_source=59582&utm_medium=partner', 'identifier': [{'mbid': '702a52e5-a3bf-4098-9d8d-0e556b5ccbb7', 'href': 'http://api.songkick.com/api/3.0/artists/mbid:702a52e5-a3bf-4098-9d8d-0e556b5ccbb7.json'}]}}]",,False,"{'id': 4012414, 'displayName': ""Stubb's Barbeque"", 'uri': 'http://www.songkick.com/venues/4012414-stubbs-barbeque?utm_source=59582&utm_medium=partner', 'metroArea': {'displayName': 'Austin', 'country': {'displayName': 'US'}, 'state': {'displayName': 'TX'}, 'id': 9179, 'uri': 'http://www.songkick.com/metro-areas/9179-us-austin?utm_source=59582&utm_medium=partner'}, 'lat': 30.27292, 'lng': -97.74439}","{'city': 'Austin, TX, US', 'lat': 30.27292, 'lng': -97.74439}",,
7,39356270,"TWRP and The Protomen at Mohawk (Indoor) (February 28, 2020)",Concert,http://www.songkick.com/concerts/39356270-twrp-at-mohawk?utm_source=59582&utm_medium=partner,ok,0.002794,"{'date': '2020-02-28', 'datetime': '2020-02-28T19:00:00-0600', 'time': '19:00:00'}","[{'id': 74466518, 'displayName': 'TWRP', 'billing': 'headline', 'billingIndex': 1, 'artist': {'id': 8616049, 'displayName': 'TWRP', 'uri': 'http://www.songkick.com/artists/8616049-twrp?utm_source=59582&utm_medium=partner', 'identifier': []}}, {'id': 74466519, 'displayName': 'The Protomen', 'billing': 'headline', 'billingIndex': 2, 'artist': {'id': 295469, 'displayName': 'The Protomen', 'uri': 'http://www.songkick.com/artists/295469-protomen?utm_source=59582&utm_medium=partner', 'identifier': [{'mbid': 'efbbb96f-7c02-4428-802b-e60335fbb118', 'href': 'http://api.songkick.com/api/3.0/artists/mbid:efbbb96f-7c02-4428-802b-e60335fbb118.json'}]}}]",,False,"{'id': 14633, 'displayName': 'Mohawk (Indoor)', 'uri': 'http://www.songkick.com/venues/14633-mohawk?utm_source=59582&utm_medium=partner', 'metroArea': {'displayName': 'Austin', 'country': {'displayName': 'US'}, 'state': {'displayName': 'TX'}, 'id': 9179, 'uri': 'http://www.songkick.com/metro-areas/9179-us-austin?utm_source=59582&utm_medium=partner'}, 'lat': 30.27016, 'lng': -97.73604}","{'city': 'Austin, TX, US', 'lat': 30.27016, 'lng': -97.73604}",,
8,39375346,"Christopher Paul Stelling at The Townsend (February 28, 2020)",Concert,http://www.songkick.com/concerts/39375346-christopher-paul-stelling-at-townsend?utm_source=59582&utm_medium=partner,ok,0.000879,"{'date': '2020-02-28', 'datetime': '2020-02-28T19:30:00-0600', 'time': '19:30:00'}","[{'id': 74500103, 'displayName': 'Christopher Paul Stelling', 'billing': 'headline', 'billingIndex': 1, 'artist': {'id': 2929111, 'displayName': 'Christopher Paul Stelling', 'uri': 'http://www.songkick.com/artists/2929111-christopher-paul-stelling?utm_source=59582&utm_medium=partner', 'identifier': [{'mbid': '82ae7173-a51e-43d5-bd00-9316623041f1', 'href': 'http://api.songkick.com/api/3.0/artists/mbid:82ae7173-a51e-43d5-bd00-9316623041f1.json'}]}}]",,False,"{'id': 2888488, 'displayName': 'The Townsend', 'uri': 'http://www.songkick.com/venues/2888488-townsend?utm_source=59582&utm_medium=partner', 'metroArea': {'displayName': 'Austin', 'country': {'displayName': 'US'}, 'state': {'displayName': 'TX'}, 'id': 9179, 'uri': 'http://www.songkick.com/metro-areas/9179-us-austin?utm_source=59582&utm_medium=partner'}, 'lat': 30.26979, 'lng': -97.74264}","{'city': 'Austin, TX, US', 'lat': 30.26979, 'lng': -97.74264}",,
9,39379480,"Amanda Shires at Antone's - Austin (February 28, 2020)",Concert,http://www.songkick.com/concerts/39379480-amanda-shires-at-antones-austin?utm_source=59582&utm_medium=partner,ok,0.003355,"{'date': '2020-02-28', 'datetime': '2020-02-28T21:00:00-0600', 'time': '21:00:00'}","[{'id': 74507364, 'displayName': 'Amanda Shires', 'billing': 'headline', 'billingIndex': 1, 'artist': {'id': 872678, 'displayName': 'Amanda Shires', 'uri': 'http://www.songkick.com/artists/872678-amanda-shires?utm_source=59582&utm_medium=partner', 'identifier': [{'mbid': 'b9273ea3-f8f2-43ab-80ec-735326273f41', 'href': 'http://api.songkick.com/api/3.0/artists/mbid:b9273ea3-f8f2-43ab-80ec-735326273f41.json'}]}}]",,False,"{'id': 4012209, 'displayName': ""Antone's - Austin"", 'uri': 'http://www.songkick.com/venues/4012209-antones-austin?utm_source=59582&utm_medium=partner', 'metroArea': {'displayName': 'Austin', 'country': {'displayName': 'US'}, 'state': {'displayName': 'TX'}, 'id': 9179, 'uri': 'http://www.songkick.com/metro-areas/9179-us-austin?utm_source=59582&utm_medium=partner'}, 'lat': 30.27292, 'lng': -97.74439}","{'city': 'Austin, TX, US', 'lat': 30.27292, 'lng': -97.74439}",,
10,39379810,"Kalu and The Electric Joint with Think no Think and Medicine Man Revival at The Continental Club (February 28, 2020)",Concert,http://www.songkick.com/concerts/39379810-kalu-and-the-electric-joint-at-continental-club?utm_source=59582&utm_medium=partner,ok,0.000157,"{'date': '2020-02-28', 'datetime': '2020-02-28T21:00:00-0600', 'time': '21:00:00'}","[{'id': 74507921, 'displayName': 'Kalu and The Electric Joint', 'billing': 'headline', 'billingIndex': 1, 'artist': {'id': 9282844, 'displayName': 'Kalu and The Electric Joint', 'uri': 'http://www.songkick.com/artists/9282844-kalu-and-the-electric-joint?utm_source=59582&utm_medium=partner', 'identifier': [{'mbid': '8bf21b1a-854c-43af-abb4-90aed782eb41', 'href': 'http://api.songkick.com/api/3.0/artists/mbid:8bf21b1a-854c-43af-abb4-90aed782eb41.json'}]}}, {'id': 74507922, 'displayName': 'Think no Think', 'billing': 'support', 'billingIndex': 2, 'artist': {'id': 5828344, 'displayName': 'Think no Think', 'uri': 'http://www.songkick.com/artists/5828344-think-no-think?utm_source=59582&utm_medium=partner', 'identifier': []}}, {'id': 74507923, 'displayName': 'Medicine Man Revival', 'billing': 'support', 'billingIndex': 3, 'artist': {'id': 9110924, 'displayName': 'Medicine Man Revival', 'uri': 'http://www.songkick.com/artists/9110924-medicine-man-revival?utm_source=59582&utm_medium=partner', 'identifier': []}}]",,False,"{'id': 11387, 'displayName': 'The Continental Club', 'uri': 'http://www.songkick.com/venues/11387-continental-club?utm_source=59582&utm_medium=partner', 'metroArea': {'displayName': 'Austin', 'country': {'displayName': 'US'}, 'state': {'displayName': 'TX'}, 'id': 9179, 'uri': 'http://www.songkick.com/metro-areas/9179-us-austin?utm_source=59582&utm_medium=partner'}, 'lat': 30.25056, 'lng': -97.7493}","{'city': 'Austin, TX, US', 'lat': 30.25056, 'lng': -97.7493}",,
11,39387235,"Brightwire and Grifters & Shills at Revolution Cafe & Bar (February 28, 2020)",Concert,http://www.songkick.com/concerts/39387235-brightwire-at-revolution-cafe-and-bar?utm_source=59582&utm_medium=partner,ok,8e-06,"{'date': '2020-02-28', 'datetime': '2020-02-28T19:00:00-0600', 'time': '19:00:00'}","[{'id': 74520895, 'displayName': 'Brightwire', 'billing': 'headline', 'billingIndex': 1, 'artist': {'id': 8980389, 'displayName': 'Brightwire', 'uri': 'http://www.songkick.com/artists/8980389-brightwire?utm_source=59582&utm_medium=partner', 'identifier': []}}, {'id': 74520896, 'displayName': 'Grifters & Shills', 'billing': 'headline', 'billingIndex': 2, 'artist': {'id': 8569904, 'displayName': 'Grifters & Shills', 'uri': 'http://www.songkick.com/artists/8569904-grifters-and-shills?utm_source=59582&utm_medium=partner', 'identifier': []}}]",,False,"{'id': 100657, 'displayName': 'Revolution Cafe & Bar', 'uri': 'http://www.songkick.com/venues/100657-revolution-cafe-and-bar?utm_source=59582&utm_medium=partner', 'metroArea': {'displayName': 'Austin', 'country': {'displayName': 'US'}, 'state': {'displayName': 'TX'}, 'id': 9179, 'uri': 'http://www.songkick.com/metro-areas/9179-us-austin?utm_source=59582&utm_medium=partner'}, 'lat': 30.67238, 'lng': -96.37333}","{'city': 'Bryan, TX, US', 'lat': 30.67238, 'lng': -96.37333}",,
12,39387964,"The Bright Light Social Hour and Mobley with deCasa at The Grand Stafford Theater (February 28, 2020)",Concert,http://www.songkick.com/concerts/39387964-bright-light-social-hour-at-grand-stafford-theater?utm_source=59582&utm_medium=partner,ok,0.004571,"{'date': '2020-02-28', 'datetime': '2020-02-28T20:00:00-0600', 'time': '20:00:00'}","[{'id': 74522079, 'displayName': 'The Bright Light Social Hour', 'billing': 'headline', 'billingIndex': 1, 'artist': {'id': 1097652, 'displayName': 'The Bright Light Social Hour', 'uri': 'http://www.songkick.com/artists/1097652-bright-light-social-hour?utm_source=59582&utm_medium=partner', 'identifier': [{'mbid': 'e589f7d2-9bee-4d56-93e0-0cf9bcdf1092', 'href': 'http://api.songkick.com/api/3.0/artists/mbid:e589f7d2-9bee-4d56-93e0-0cf9bcdf1092.json'}]}}, {'id': 74522080, 'displayName': 'Mobley', 'billing': 'headline', 'billingIndex': 2, 'artist': {'id': 207712, 'displayName': 'Mobley', 'uri': 'http://www.songkick.com/artists/207712-mobley?utm_source=59582&utm_medium=partner', 'identifier': [{'mbid': 'b793d6b7-1010-4c4a-b34a-fb802b8c8333', 'href': 'http://api.songkick.com/api/3.0/artists/mbid:b793d6b7-1010-4c4a-b34a-fb802b8c8333.json'}]}}, {'id': 74651749, 'displayName': 'deCasa', 'billing': 'support', 'billingIndex': 3, 'artist': {'id': 9851489, 'displayName': 'deCasa', 'uri': 'http://www.songkick.com/artists/9851489-decasa?utm_source=59582&utm_medium=partner', 'identifier': []}}]",,False,"{'id': 1624428, 'displayName': 'The Grand Stafford Theater', 'uri': 'http://www.songkick.com/venues/1624428-grand-stafford-theater?utm_source=59582&utm_medium=partner', 'metroArea': {'displayName': 'Austin', 'country': {'displayName': 'US'}, 'state': {'displayName': 'TX'}, 'id': 9179, 'uri': 'http://www.songkick.com/metro-areas/9179-us-austin?utm_source=59582&utm_medium=partner'}, 'lat': 30.67337, 'lng': -96.37378}","{'city': 'Bryan, TX, US', 'lat': 30.67337, 'lng': -96.37378}",,
13,39411130,"Chris Renzema with Ry Cox at Ice House On Main (February 28, 2020)",Concert,http://www.songkick.com/concerts/39411130-chris-renzema-at-ice-house-on-main?utm_source=59582&utm_medium=partner,ok,0.001911,"{'date': '2020-02-28', 'datetime': None, 'time': None}","[{'id': 74562679, 'displayName': 'Chris Renzema', 'billing': 'headline', 'billingIndex': 1, 'artist': {'id': 8871489, 'displayName': 'Chris Renzema', 'uri': 'http://www.songkick.com/artists/8871489-chris-renzema?utm_source=59582&utm_medium=partner', 'identifier': [{'mbid': '6505068b-6b55-4f98-8a21-8f12d56f652b', 'href': 'http://api.songkick.com/api/3.0/artists/mbid:6505068b-6b55-4f98-8a21-8f12d56f652b.json'}]}}, {'id': 74685967, 'displayName': 'Ry Cox', 'billing': 'support', 'billingIndex': 2, 'artist': {'id': 8914344, 'displayName': 'Ry Cox', 'uri': 'http://www.songkick.com/artists/8914344-ry-cox?utm_source=59582&utm_medium=partner', 'identifier': []}}]",,False,"{'id': 3738169, 'displayName': 'Ice House On Main', 'uri': 'http://www.songkick.com/venues/3738169-ice-house-on-main?utm_source=59582&utm_medium=partner', 'metroArea': {'displayName': 'Austin', 'country': {'displayName': 'US'}, 'state': {'displayName': 'TX'}, 'id': 9179, 'uri': 'http://www.songkick.com/metro-areas/9179-us-austin?utm_source=59582&utm_medium=partner'}, 'lat': 30.6801, 'lng': -96.37252}","{'city': 'Bryan, TX, US', 'lat': 30.6801, 'lng': -96.37252}",,
14,39419222,"Cilantro Boombox, COMO LAS MOVIES, and Nemegata at Sahara Lounge (February 28, 2020)",Concert,http://www.songkick.com/concerts/39419222-cilantro-boombox-at-sahara-lounge?utm_source=59582&utm_medium=partner,ok,8.6e-05,"{'date': '2020-02-28', 'datetime': '2020-02-28T21:00:00-0600', 'time': '21:00:00'}","[{'id': 74576366, 'displayName': 'Cilantro Boombox', 'billing': 'headline', 'billingIndex': 1, 'artist': {'id': 4017546, 'displayName': 'Cilantro Boombox', 'uri': 'http://www.songkick.com/artists/4017546-cilantro-boombox?utm_source=59582&utm_medium=partner', 'identifier': [{'mbid': 'f422e21d-c095-4cdc-a39c-82ba25c6b56e', 'href': 'http://api.songkick.com/api/3.0/artists/mbid:f422e21d-c095-4cdc-a39c-82ba25c6b56e.json'}]}}, {'id': 74576367, 'displayName': 'COMO LAS MOVIES', 'billing': 'headline', 'billingIndex': 2, 'artist': {'id': 6518214, 'displayName': 'COMO LAS MOVIES', 'uri': 'http://www.songkick.com/artists/6518214-como-las-movies?utm_source=59582&utm_medium=partner', 'identifier': []}}, {'id': 74576368, 'displayName': 'Nemegata', 'billing': 'headline', 'billingIndex': 3, 'artist': {'id': 9816564, 'displayName': 'Nemegata', 'uri': 'http://www.songkick.com/artists/9816564-nemegata?utm_source=59582&utm_medium=partner', 'identifier': []}}]",,False,"{'id': 1541573, 'displayName': 'Sahara Lounge', 'uri': 'http://www.songkick.com/venues/1541573-sahara-lounge?utm_source=59582&utm_medium=partner', 'metroArea': {'displayName': 'Austin', 'country': {'displayName': 'US'}, 'state': {'displayName': 'TX'}, 'id': 9179, 'uri': 'http://www.songkick.com/metro-areas/9179-us-austin?utm_source=59582&utm_medium=partner'}, 'lat': 30.27968, 'lng': -97.68162}","{'city': 'Austin, TX, US', 'lat': 30.27968, 'lng': -97.68162}",,
15,39424272,"Lucki and The Teeta at Empire Garage (February 28, 2020)",Concert,http://www.songkick.com/concerts/39424272-lucki-at-empire-garage?utm_source=59582&utm_medium=partner,ok,0.002576,"{'date': '2020-02-28', 'datetime': '2020-02-28T20:00:00-0600', 'time': '20:00:00'}","[{'id': 74585014, 'displayName': 'Lucki', 'billing': 'headline', 'billingIndex': 1, 'artist': {'id': 9332419, 'displayName': 'Lucki', 'uri': 'http://www.songkick.com/artists/9332419-lucki?utm_source=59582&utm_medium=partner', 'identifier': [{'mbid': '9ccaca30-60aa-4890-ae6c-ab55225ee274', 'href': 'http://api.songkick.com/api/3.0/artists/mbid:9ccaca30-60aa-4890-ae6c-ab55225ee274.json'}]}}, {'id': 74668040, 'displayName': 'The Teeta', 'billing': 'headline', 'billingIndex': 2, 'artist': {'id': 9078694, 'displayName': 'The Teeta', 'uri': 'http://www.songkick.com/artists/9078694-teeta?utm_source=59582&utm_medium=partner', 'identifier': []}}]",,False,"{'id': 2398969, 'displayName': 'Empire Garage', 'uri': 'http://www.songkick.com/venues/2398969-empire-garage?utm_source=59582&utm_medium=partner', 'metroArea': {'displayName': 'Austin', 'country': {'displayName': 'US'}, 'state': {'displayName': 'TX'}, 'id': 9179, 'uri': 'http://www.songkick.com/metro-areas/9179-us-austin?utm_source=59582&utm_medium=partner'}, 'lat': 30.26749, 'lng': -97.73605}","{'city': 'Austin, TX, US', 'lat': 30.26749, 'lng': -97.73605}",,
16,39434731,"Wynn Williams at Cheatham Street Warehouse (February 28, 2020)",Concert,http://www.songkick.com/concerts/39434731-wynn-williams-at-cheatham-street-warehouse?utm_source=59582&utm_medium=partner,ok,5.1e-05,"{'date': '2020-02-28', 'datetime': '2020-02-28T20:00:00-0600', 'time': '20:00:00'}","[{'id': 74604167, 'displayName': 'Wynn Williams', 'billing': 'headline', 'billingIndex': 1, 'artist': {'id': 8015528, 'displayName': 'Wynn Williams', 'uri': 'http://www.songkick.com/artists/8015528-wynn-williams?utm_source=59582&utm_medium=partner', 'identifier': []}}]",,False,"{'id': 36709, 'displayName': 'Cheatham Street Warehouse', 'uri': 'http://www.songkick.com/venues/36709-cheatham-street-warehouse?utm_source=59582&utm_medium=partner', 'metroArea': {'displayName': 'Austin', 'country': {'displayName': 'US'}, 'state': {'displayName': 'TX'}, 'id': 9179, 'uri': 'http://www.songkick.com/metro-areas/9179-us-austin?utm_source=59582&utm_medium=partner'}, 'lat': 29.87668, 'lng': -97.93964}","{'city': 'San Marcos, TX, US', 'lat': 29.87668, 'lng': -97.93964}",,
17,39436631,"Michaela Anne at Cactus Café, University of Texas (February 28, 2020)",Concert,http://www.songkick.com/concerts/39436631-michaela-anne-at-cactus-cafe-university-of-texas?utm_source=59582&utm_medium=partner,ok,0.000322,"{'date': '2020-02-28', 'datetime': '2020-02-28T20:00:00-0600', 'time': '20:00:00'}","[{'id': 74607353, 'displayName': 'Michaela Anne', 'billing': 'headline', 'billingIndex': 1, 'artist': {'id': 2974791, 'displayName': 'Michaela Anne', 'uri': 'http://www.songkick.com/artists/2974791-michaela-anne?utm_source=59582&utm_medium=partner', 'identifier': [{'mbid': 'f8331bc5-6983-4778-a4d9-576532e59215', 'href': 'http://api.songkick.com/api/3.0/artists/mbid:f8331bc5-6983-4778-a4d9-576532e59215.json'}]}}]",,False,"{'id': 528781, 'displayName': 'Cactus Café, University of Texas', 'uri': 'http://www.songkick.com/venues/528781-cactus-cafe-university-of-texas?utm_source=59582&utm_medium=partner', 'metroArea': {'displayName': 'Austin', 'country': {'displayName': 'US'}, 'state': {'displayName': 'TX'}, 'id': 9179, 'uri': 'http://www.songkick.com/metro-areas/9179-us-austin?utm_source=59582&utm_medium=partner'}, 'lat': 30.28608, 'lng': -97.74126}","{'city': 'Austin, TX, US', 'lat': 30.28608, 'lng': -97.74126}",,
18,39442220,"Rebekah Heller with Matt Steinke at Rude Mechs Crashbox (February 28, 2020)",Concert,http://www.songkick.com/concerts/39442220-rebekah-heller-at-rude-mechs-crashbox?utm_source=59582&utm_medium=partner,ok,8e-06,"{'date': '2020-02-28', 'datetime': None, 'time': None}","[{'id': 74616745, 'displayName': 'Rebekah Heller', 'billing': 'headline', 'billingIndex': 1, 'artist': {'id': 4241386, 'displayName': 'Rebekah Heller', 'uri': 'http://www.songkick.com/artists/4241386-rebekah-heller?utm_source=59582&utm_medium=partner', 'identifier': []}}, {'id': 74616746, 'displayName': 'Matt Steinke', 'billing': 'support', 'billingIndex': 2, 'artist': {'id': 9341234, 'displayName': 'Matt Steinke', 'uri': 'http://www.songkick.com/artists/9341234-matt-steinke?utm_source=59582&utm_medium=partner', 'identifier': []}}]",,False,"{'id': 4376185, 'displayName': 'Rude Mechs Crashbox', 'uri': 'http://www.songkick.com/venues/4376185-rude-mechs-crashbox?utm_source=59582&utm_medium=partner', 'metroArea': {'displayName': 'Austin', 'country': {'displayName': 'US'}, 'state': {'displayName': 'TX'}, 'id': 9179, 'uri': 'http://www.songkick.com/metro-areas/9179-us-austin?utm_source=59582&utm_medium=partner'}, 'lat': 30.25812, 'lng': -97.69089}","{'city': 'Austin, TX, US', 'lat': 30.25812, 'lng': -97.69089}",,
19,39447285,"Lamon Manuel, Farout, and Lt. Headtrip (NYC) at Unknown venue (February 28, 2020)",Concert,http://www.songkick.com/concerts/39447285-lamon-manuel-at-unknown-venue?utm_source=59582&utm_medium=partner,ok,3.5e-05,"{'date': '2020-02-28', 'datetime': None, 'time': None}","[{'id': 74626713, 'displayName': 'Lamon Manuel', 'billing': 'headline', 'billingIndex': 1, 'artist': {'id': 726147, 'displayName': 'Lamon Manuel', 'uri': 'http://www.songkick.com/artists/726147-lamon-manuel?utm_source=59582&utm_medium=partner', 'identifier': []}}, {'id': 74626714, 'displayName': 'Farout', 'billing': 'headline', 'billingIndex': 2, 'artist': {'id': 534276, 'displayName': 'Farout', 'uri': 'http://www.songkick.com/artists/534276-farout?utm_source=59582&utm_medium=partner', 'identifier': [{'mbid': 'f0e68497-7395-4f24-8558-2641aebcc1c7', 'href': 'http://api.songkick.com/api/3.0/artists/mbid:f0e68497-7395-4f24-8558-2641aebcc1c7.json'}]}}, {'id': 74626715, 'displayName': 'Lt. Headtrip (NYC)', 'billing': 'headline', 'billingIndex': 3, 'artist': {'id': 6493604, 'displayName': 'Lt. Headtrip (NYC)', 'uri': 'http://www.songkick.com/artists/6493604-lt-headtrip-nyc?utm_source=59582&utm_medium=partner', 'identifier': []}}]",,False,"{'id': None, 'displayName': 'Unknown venue', 'uri': None, 'metroArea': {'displayName': 'Austin', 'country': {'displayName': 'US'}, 'state': {'displayName': 'TX'}, 'id': 9179, 'uri': 'http://www.songkick.com/metro-areas/9179-us-austin?utm_source=59582&utm_medium=partner'}, 'lat': 30.26715, 'lng': -97.74306}","{'city': 'Austin, TX, US', 'lat': 30.26715, 'lng': -97.74306}",,
20,39452953,"Andrea Pimpini at Online via G+ Hangout and YouTube (February 28, 2020)",Concert,http://www.songkick.com/concerts/39452953-andrea-pimpini-at-online-via-g-hangout-and-youtube?utm_source=59582&utm_medium=partner,ok,0.0,"{'date': '2020-02-28', 'datetime': '2020-02-28T15:30:00-0600', 'time': '15:30:00'}","[{'id': 74637097, 'displayName': 'Andrea Pimpini', 'billing': 'headline', 'billingIndex': 1, 'artist': {'id': 9381059, 'displayName': 'Andrea Pimpini', 'uri': 'http://www.songkick.com/artists/9381059-andrea-pimpini?utm_source=59582&utm_medium=partner', 'identifier': []}}]",,False,"{'id': 2061114, 'displayName': 'Online via G+ Hangout and YouTube', 'uri': 'http://www.songkick.com/venues/2061114-online-via-g-hangout-and-youtube?utm_source=59582&utm_medium=partner', 'metroArea': {'displayName': 'Austin', 'country': {'displayName': 'US'}, 'state': {'displayName': 'TX'}, 'id': 9179, 'uri': 'http://www.songkick.com/metro-areas/9179-us-austin?utm_source=59582&utm_medium=partner'}, 'lat': None, 'lng': None}","{'city': 'Austin, TX, US', 'lat': 30.3005, 'lng': -97.7472}",,
21,39458375,"Dirtysnatcha and Rico Act (US) with Autokorekt, Yoda Popz, and 1 more… at Scratchouse (February 28, 2020)",Concert,http://www.songkick.com/concerts/39458375-dirtysnatcha-at-scratchouse?utm_source=59582&utm_medium=partner,ok,7e-05,"{'date': '2020-02-28', 'datetime': '2020-02-28T19:00:00-0600', 'time': '19:00:00'}","[{'id': 74646528, 'displayName': 'Dirtysnatcha', 'billing': 'headline', 'billingIndex': 1, 'artist': {'id': 10080900, 'displayName': 'Dirtysnatcha', 'uri': 'http://www.songkick.com/artists/10080900-dirtysnatcha?utm_source=59582&utm_medium=partner', 'identifier': [{'mbid': '32966ca7-20e2-4df3-a55b-36c516a3702b', 'href': 'http://api.songkick.com/api/3.0/artists/mbid:32966ca7-20e2-4df3-a55b-36c516a3702b.json'}]}}, {'id': 74646529, 'displayName': 'Rico Act (US)', 'billing': 'headline', 'billingIndex': 2, 'artist': {'id': 9701204, 'displayName': 'Rico Act (US)', 'uri': 'http://www.songkick.com/artists/9701204-rico-act-us?utm_source=59582&utm_medium=partner', 'identifier': []}}, {'id': 74646530, 'displayName': 'Autokorekt', 'billing': 'support', 'billingIndex': 3, 'artist': {'id': 10103549, 'displayName': 'Autokorekt', 'uri': 'http://www.songkick.com/artists/10103549-autokorekt?utm_source=59582&utm_medium=partner', 'identifier': []}}, {'id': 74646531, 'displayName': 'Yoda Popz', 'billing': 'support', 'billingIndex': 4, 'artist': {'id': 9747789, 'displayName': 'Yoda Popz', 'uri': 'http://www.songkick.com/artists/9747789-yoda-popz?utm_source=59582&utm_medium=partner', 'identifier': []}}, {'id': 74646532, 'displayName': 'Oreoku', 'billing': 'support', 'billingIndex': 5, 'artist': {'id': 10103550, 'displayName': 'Oreoku', 'uri': 'http://www.songkick.com/artists/10103550-oreoku?utm_source=59582&utm_medium=partner', 'identifier': []}}]",,False,"{'id': 3362609, 'displayName': 'Scratchouse', 'uri': 'http://www.songkick.com/venues/3362609-scratchouse?utm_source=59582&utm_medium=partner', 'metroArea': {'displayName': 'Austin', 'country': {'displayName': 'US'}, 'state': {'displayName': 'TX'}, 'id': 9179, 'uri': 'http://www.songkick.com/metro-areas/9179-us-austin?utm_source=59582&utm_medium=partner'}, 'lat': 30.26698, 'lng': -97.73617}","{'city': 'Austin, TX, US', 'lat': 30.26698, 'lng': -97.73617}",,
22,39461588,"Glasshealer with Flora & Fawna and Modular Sun at The Electric Church (February 28, 2020)",Concert,http://www.songkick.com/concerts/39461588-glasshealer-at-electric-church?utm_source=59582&utm_medium=partner,ok,5e-06,"{'date': '2020-02-28', 'datetime': '2020-02-28T20:00:00-0600', 'time': '20:00:00'}","[{'id': 74652446, 'displayName': 'Glasshealer', 'billing': 'headline', 'billingIndex': 1, 'artist': {'id': 10115907, 'displayName': 'Glasshealer', 'uri': 'http://www.songkick.com/artists/10115907-glasshealer?utm_source=59582&utm_medium=partner', 'identifier': []}}, {'id': 74652447, 'displayName': 'Flora & Fawna', 'billing': 'support', 'billingIndex': 2, 'artist': {'id': 10067777, 'displayName': 'Flora & Fawna', 'uri': 'http://www.songkick.com/artists/10067777-flora-and-fawna?utm_source=59582&utm_medium=partner', 'identifier': []}}, {'id': 74652448, 'displayName': 'Modular Sun', 'billing': 'support', 'billingIndex': 3, 'artist': {'id': 9597274, 'displayName': 'Modular Sun', 'uri': 'http://www.songkick.com/artists/9597274-modular-sun?utm_source=59582&utm_medium=partner', 'identifier': []}}]",,False,"{'id': 3592284, 'displayName': 'The Electric Church', 'uri': 'http://www.songkick.com/venues/3592284-electric-church?utm_source=59582&utm_medium=partner', 'metroArea': {'displayName': 'Austin', 'country': {'displayName': 'US'}, 'state': {'displayName': 'TX'}, 'id': 9179, 'uri': 'http://www.songkick.com/metro-areas/9179-us-austin?utm_source=59582&utm_medium=partner'}, 'lat': 30.25167, 'lng': -97.69925}","{'city': 'Austin, TX, US', 'lat': 30.25167, 'lng': -97.69925}",,
23,39464056,"Foxtales (US) with Flora & Fawna, lolita lynne, and Slideshow at The Swan Dive (February 28, 2020)",Concert,http://www.songkick.com/concerts/39464056-foxtales-us-at-swan-dive?utm_source=59582&utm_medium=partner,ok,9e-06,"{'date': '2020-02-28', 'datetime': '2020-02-28T21:30:00-0600', 'time': '21:30:00'}","[{'id': 74656884, 'displayName': 'Foxtales (US)', 'billing': 'headline', 'billingIndex': 1, 'artist': {'id': 10015699, 'displayName': 'Foxtales (US)', 'uri': 'http://www.songkick.com/artists/10015699-foxtales-us?utm_source=59582&utm_medium=partner', 'identifier': []}}, {'id': 74656885, 'displayName': 'Flora & Fawna', 'billing': 'support', 'billingIndex': 2, 'artist': {'id': 10067777, 'displayName': 'Flora & Fawna', 'uri': 'http://www.songkick.com/artists/10067777-flora-and-fawna?utm_source=59582&utm_medium=partner', 'identifier': []}}, {'id': 74656886, 'displayName': 'lolita lynne', 'billing': 'support', 'billingIndex': 3, 'artist': {'id': 9457179, 'displayName': 'lolita lynne', 'uri': 'http://www.songkick.com/artists/9457179-lolita-lynne?utm_source=59582&utm_medium=partner', 'identifier': []}}, {'id': 74656887, 'displayName': 'Slideshow', 'billing': 'support', 'billingIndex': 4, 'artist': {'id': 10096288, 'displayName': 'Slideshow', 'uri': 'http://www.songkick.com/artists/10096288-slideshow?utm_source=59582&utm_medium=partner', 'identifier': []}}]",,False,"{'id': 1274876, 'displayName': 'The Swan Dive', 'uri': 'http://www.songkick.com/venues/1274876-swan-dive?utm_source=59582&utm_medium=partner', 'metroArea': {'displayName': 'Austin', 'country': {'displayName': 'US'}, 'state': {'displayName': 'TX'}, 'id': 9179, 'uri': 'http://www.songkick.com/metro-areas/9179-us-austin?utm_source=59582&utm_medium=partner'}, 'lat': 30.26713, 'lng': -97.73658}","{'city': 'Austin, TX, US', 'lat': 30.26713, 'lng': -97.73658}",,
24,39466908,"Stretch Panic at Barrel O' Fun (February 28, 2020)",Concert,http://www.songkick.com/concerts/39466908-stretch-panic-at-barrel-o-fun?utm_source=59582&utm_medium=partner,ok,3e-06,"{'date': '2020-02-28', 'datetime': '2020-02-28T19:00:00-0600', 'time': '19:00:00'}","[{'id': 74662206, 'displayName': 'Stretch Panic', 'billing': 'headline', 'billingIndex': 1, 'artist': {'id': 9206114, 'displayName': 'Stretch Panic', 'uri': 'http://www.songkick.com/artists/9206114-stretch-panic?utm_source=59582&utm_medium=partner', 'identifier': []}}]",21+,False,"{'id': 3572449, 'displayName': ""Barrel O' Fun"", 'uri': 'http://www.songkick.com/venues/3572449-barrel-o-fun?utm_source=59582&utm_medium=partner', 'metroArea': {'displayName': 'Austin', 'country': {'displayName': 'US'}, 'state': {'displayName': 'TX'}, 'id': 9179, 'uri': 'http://www.songkick.com/metro-areas/9179-us-austin?utm_source=59582&utm_medium=partner'}, 'lat': 30.29835, 'lng': -97.70427}","{'city': 'Austin, TX, US', 'lat': 30.29835, 'lng': -97.70427}",,
25,39479753,"Jarrod Morris at Old Coupland Inn & Dancehall (February 28, 2020)",Concert,http://www.songkick.com/concerts/39479753-jarrod-morris-at-old-coupland-inn-and-dancehall?utm_source=59582&utm_medium=partner,ok,8e-06,"{'date': '2020-02-28', 'datetime': '2020-02-28T07:00:00-0600', 'time': '07:00:00'}","[{'id': 74685884, 'displayName': 'Jarrod Morris', 'billing': 'headline', 'billingIndex': 1, 'artist': {'id': 10101932, 'displayName': 'Jarrod Morris', 'uri': 'http://www.songkick.com/artists/10101932-jarrod-morris?utm_source=59582&utm_medium=partner', 'identifier': []}}]",,False,"{'id': 441351, 'displayName': 'Old Coupland Inn & Dancehall', 'uri': 'http://www.songkick.com/venues/441351-old-coupland-inn-and-dancehall?utm_source=59582&utm_medium=partner', 'metroArea': {'displayName': 'Austin', 'country': {'displayName': 'US'}, 'state': {'displayName': 'TX'}, 'id': 9179, 'uri': 'http://www.songkick.com/metro-areas/9179-us-austin?utm_source=59582&utm_medium=partner'}, 'lat': 30.45935, 'lng': -97.39042}","{'city': 'Coupland, TX, US', 'lat': 30.45935, 'lng': -97.39042}",,
26,39480552,"DJ THE RAPPER at Westlake High School (February 28, 2020)",Concert,http://www.songkick.com/concerts/39480552-dj-the-rapper-at-westlake-high-school?utm_source=59582&utm_medium=partner,ok,0.0,"{'date': '2020-02-28', 'datetime': '2020-02-28T13:00:00-0600', 'time': '13:00:00'}","[{'id': 74687417, 'displayName': 'DJ THE RAPPER', 'billing': 'headline', 'billingIndex': 1, 'artist': {'id': 10118316, 'displayName': 'DJ THE RAPPER', 'uri': 'http://www.songkick.com/artists/10118316-dj-the-rapper?utm_source=59582&utm_medium=partner', 'identifier': []}}]",None,False,"{'id': 478681, 'displayName': 'Westlake High School', 'uri': 'http://www.songkick.com/venues/478681-westlake-high-school?utm_source=59582&utm_medium=partner', 'metroArea': {'displayName': 'Austin', 'country': {'displayName': 'US'}, 'state': {'displayName': 'TX'}, 'id': 9179, 'uri': 'http://www.songkick.com/metro-areas/9179-us-austin?utm_source=59582&utm_medium=partner'}, 'lat': 30.27547, 'lng': -97.81498}","{'city': 'Austin, TX, US', 'lat': 30.27547, 'lng': -97.81498}",,
27,39485896,"Matthew Squires and Fertility House at Cenote - Windsor Park (February 28, 2020)",Concert,http://www.songkick.com/concerts/39485896-matthew-squires-at-cenote-windsor-park?utm_source=59582&utm_medium=partner,ok,1.1e-05,"{'date': '2020-02-28', 'datetime': '2020-02-28T19:00:00-0600', 'time': '19:00:00'}","[{'id': 74696495, 'displayName': 'Matthew Squires', 'billing': 'headline', 'billingIndex': 1, 'artist': {'id': 8296793, 'displayName': 'Matthew Squires', 'uri': 'http://www.songkick.com/artists/8296793-matthew-squires?utm_source=59582&utm_medium=partner', 'identifier': []}}, {'id': 74696496, 'displayName': 'Fertility House', 'billing': 'headline', 'billingIndex': 2, 'artist': {'id': 9725819, 'displayName': 'Fertility House', 'uri': 'http://www.songkick.com/artists/9725819-fertility-house?utm_source=59582&utm_medium=partner', 'identifier': []}}]",,False,"{'id': 3917084, 'displayName': 'Cenote - Windsor Park', 'uri': 'http://www.songkick.com/venues/3917084-cenote-windsor-park?utm_source=59582&utm_medium=partner', 'metroArea': {'displayName': 'Austin', 'country': {'displayName': 'US'}, 'state': {'displayName': 'TX'}, 'id': 9179, 'uri': 'http://www.songkick.com/metro-areas/9179-us-austin?utm_source=59582&utm_medium=partner'}, 'lat': 30.32045, 'lng': -97.697}","{'city': 'Austin, TX, US', 'lat': 30.32045, 'lng': -97.697}",,
28,39486187,"Dinner with Matt Gilchrest with A. Sinclair, Cartright, and wil cope at Hole In The Wall (February 28, 2020)",Concert,http://www.songkick.com/concerts/39486187-dinner-with-matt-gilchrest-at-hole-in-the-wall?utm_source=59582&utm_medium=partner,ok,0.000335,"{'date': '2020-02-28', 'datetime': '2020-02-28T20:00:00-0600', 'time': '20:00:00'}","[{'id': 74696979, 'displayName': 'Dinner with Matt Gilchrest', 'billing': 'headline', 'billingIndex': 1, 'artist': {'id': 9320509, 'displayName': 'Dinner with Matt Gilchrest', 'uri': 'http://www.songkick.com/artists/9320509-dinner-with-matt-gilchrest?utm_source=59582&utm_medium=partner', 'identifier': []}}, {'id': 74696980, 'displayName': 'A. Sinclair', 'billing': 'support', 'billingIndex': 2, 'artist': {'id': 7562099, 'displayName': 'A. Sinclair', 'uri': 'http://www.songkick.com/artists/7562099-a-sinclair?utm_source=59582&utm_medium=partner', 'identifier': [{'mbid': 'cf7e90a6-38f4-4f2f-9bb3-f87bf207a95b', 'href': 'http://api.songkick.com/api/3.0/artists/mbid:cf7e90a6-38f4-4f2f-9bb3-f87bf207a95b.json'}]}}, {'id': 74696981, 'displayName': 'Cartright', 'billing': 'support', 'billingIndex': 3, 'artist': {'id': 927779, 'displayName': 'Cartright', 'uri': 'http://www.songkick.com/artists/927779-cartright?utm_source=59582&utm_medium=partner', 'identifier': []}}, {'id': 74696982, 'displayName': 'wil cope', 'billing': 'support', 'billingIndex': 4, 'artist': {'id': 802239, 'displayName': 'wil cope', 'uri': 'http://www.songkick.com/artists/802239-wil-cope?utm_source=59582&utm_medium=partner', 'identifier': []}}]",21+,False,"{'id': 61224, 'displayName': 'Hole In The Wall', 'uri': 'http://www.songkick.com/venues/61224-hole-in-the-wall?utm_source=59582&utm_medium=partner', 'metroArea': {'displayName': 'Austin', 'country': {'displayName': 'US'}, 'state': {'displayName': 'TX'}, 'id': 9179, 'uri': 'http://www.songkick.com/metro-areas/9179-us-austin?utm_source=59582&utm_medium=partner'}, 'lat': 30.29005, 'lng': -97.74136}","{'city': 'Austin, TX, US', 'lat': 30.29005, 'lng': -97.74136}",,
29,39491026,"STATX at 4th Tap Brewing Cooperative (February 28, 2020)",Concert,http://www.songkick.com/concerts/39491026-statx-at-4th-tap-brewing-cooperative?utm_source=59582&utm_medium=partner,ok,0.0,"{'date': '2020-02-28', 'datetime': None, 'time': None}","[{'id': 74705534, 'displayName': 'STATX', 'billing': 'headline', 'billingIndex': 1, 'artist': {'id': 10119612, 'displayName': 'STATX', 'uri': 'http://www.songkick.com/artists/10119612-statx?utm_source=59582&utm_medium=partner', 'identifier': []}}]",,False,"{'id': 3103449, 'displayName': '4th Tap Brewing Cooperative', 'uri': 'http://www.songkick.com/venues/3103449-4th-tap-brewing-cooperative?utm_source=59582&utm_medium=partner', 'metroArea': {'displayName': 'Austin', 'country': {'displayName': 'US'}, 'state': {'displayName': 'TX'}, 'id': 9179, 'uri': 'http://www.songkick.com/metro-areas/9179-us-austin?utm_source=59582&utm_medium=partner'}, 'lat': 30.3852, 'lng': -97.71194}","{'city': 'Austin, TX, US', 'lat': 30.3852, 'lng': -97.71194}",,
30,39495243,"Destructo with Bruno Furlan at Cedar Street Courtyard (February 28, 2020)",Concert,http://www.songkick.com/concerts/39495243-destructo-at-cedar-street-courtyard?utm_source=59582&utm_medium=partner,ok,0.010531,"{'date': '2020-02-28', 'datetime': None, 'time': None}","[{'id': 74712718, 'displayName': 'Destructo', 'billing': 'headline', 'billingIndex': 1, 'artist': {'id': 1322044, 'displayName': 'Destructo', 'uri': 'http://www.songkick.com/artists/1322044-destructo?utm_source=59582&utm_medium=partner', 'identifier': [{'mbid': '6a4ea575-df12-492e-95cf-2f7d04d3c912', 'href': 'http://api.songkick.com/api/3.0/artists/mbid:6a4ea575-df12-492e-95cf-2f7d04d3c912.json'}, {'mbid': '0fb3a17c-d53c-419b-9952-4b7be345db7b', 'href': 'http://api.songkick.com/api/3.0/artists/mbid:0fb3a17c-d53c-419b-9952-4b7be345db7b.json'}]}}, {'id': 74712719, 'displayName': 'Bruno Furlan', 'billing': 'support', 'billingIndex': 2, 'artist': {'id': 8652864, 'displayName': 'Bruno Furlan', 'uri': 'http://www.songkick.com/artists/8652864-bruno-furlan?utm_source=59582&utm_medium=partner', 'identifier': [{'mbid': '40cef3b2-cbf3-4261-afe3-8151a424bf01', 'href': 'http://api.songkick.com/api/3.0/artists/mbid:40cef3b2-cbf3-4261-afe3-8151a424bf01.json'}]}}]",,False,"{'id': 49674, 'displayName': 'Cedar Street Courtyard', 'uri': 'http://www.songkick.com/venues/49674-cedar-street-courtyard?utm_source=59582&utm_medium=partner', 'metroArea': {'displayName': 'Austin', 'country': {'displayName': 'US'}, 'state': {'displayName': 'TX'}, 'id': 9179, 'uri': 'http://www.songkick.com/metro-areas/9179-us-austin?utm_source=59582&utm_medium=partner'}, 'lat': 30.26684, 'lng': -97.74539}","{'city': 'Austin, TX, US', 'lat': 30.26684, 'lng': -97.74539}",,
31,39509169,"Large Brush Collection, Daphne Tunes, Samantha Flowers, Kay Odyssey, and 1 more… at Cheer Up Charlie's (February 28, 2020)",Concert,http://www.songkick.com/concerts/39509169-large-brush-collection-at-cheer-up-charlies?utm_source=59582&utm_medium=partner,ok,5.1e-05,"{'date': '2020-02-28', 'datetime': '2020-02-28T20:00:00-0600', 'time': '20:00:00'}","[{'id': 74737294, 'displayName': 'Large Brush Collection', 'billing': 'headline', 'billingIndex': 1, 'artist': {'id': 10074538, 'displayName': 'Large Brush Collection', 'uri': 'http://www.songkick.com/artists/10074538-large-brush-collection?utm_source=59582&utm_medium=partner', 'identifier': []}}, {'id': 74737295, 'displayName': 'Daphne Tunes', 'billing': 'headline', 'billingIndex': 2, 'artist': {'id': 9433799, 'displayName': 'Daphne Tunes', 'uri': 'http://www.songkick.com/artists/9433799-daphne-tunes?utm_source=59582&utm_medium=partner', 'identifier': []}}, {'id': 74737296, 'displayName': 'Samantha Flowers', 'billing': 'headline', 'billingIndex': 3, 'artist': {'id': 9509599, 'displayName': 'Samantha Flowers', 'uri': 'http://www.songkick.com/artists/9509599-samantha-flowers?utm_source=59582&utm_medium=partner', 'identifier': []}}, {'id': 74737297, 'displayName': 'Kay Odyssey', 'billing': 'headline', 'billingIndex': 4, 'artist': {'id': 8220353, 'displayName': 'Kay Odyssey', 'uri': 'http://www.songkick.com/artists/8220353-kay-odyssey?utm_source=59582&utm_medium=partner', 'identifier': []}}, {'id': 74737298, 'displayName': 'Prom Threat', 'billing': 'headline', 'billingIndex': 5, 'artist': {'id': 8849309, 'displayName': 'Prom Threat', 'uri': 'http://www.songkick.com/artists/8849309-prom-threat?utm_source=59582&utm_medium=partner', 'identifier': []}}]",,False,"{'id': 865226, 'displayName': ""Cheer Up Charlie's"", 'uri': 'http://www.songkick.com/venues/865226-cheer-up-charlies?utm_source=59582&utm_medium=partner', 'metroArea': {'displayName': 'Austin', 'country': {'displayName': 'US'}, 'state': {'displayName': 'TX'}, 'id': 9179, 'uri': 'http://www.songkick.com/metro-areas/9179-us-austin?utm_source=59582&utm_medium=partner'}, 'lat': 30.26961, 'lng': -97.73636}","{'city': 'Austin, TX, US', 'lat': 30.26961, 'lng': -97.73636}",,
32,39510201,"Jesse Stratton Band at Mercer Street Dancehall (February 28, 2020)",Concert,http://www.songkick.com/concerts/39510201-jesse-stratton-band-at-mercer-street-dancehall?utm_source=59582&utm_medium=partner,ok,1.8e-05,"{'date': '2020-02-28', 'datetime': None, 'time': None}","[{'id': 74739121, 'displayName': 'Jesse Stratton Band', 'billing': 'headline', 'billingIndex': 1, 'artist': {'id': 9362294, 'displayName': 'Jesse Stratton Band', 'uri': 'http://www.songkick.com/artists/9362294-jesse-stratton-band?utm_source=59582&utm_medium=partner', 'identifier': []}}]",,False,"{'id': 4149389, 'displayName': 'Mercer Street Dancehall', 'uri': 'http://www.songkick.com/venues/4149389-mercer-street-dancehall?utm_source=59582&utm_medium=partner', 'metroArea': {'displayName': 'Austin', 'country': {'displayName': 'US'}, 'state': {'displayName': 'TX'}, 'id': 9179, 'uri': 'http://www.songkick.com/metro-areas/9179-us-austin?utm_source=59582&utm_medium=partner'}, 'lat': 30.13968, 'lng': -98.08742}","{'city': 'Driftwood, TX, US', 'lat': 30.13968, 'lng': -98.08742}",,
33,39514014,"Marshall Anderson at Alta's Cafe (February 28, 2020)",Concert,http://www.songkick.com/concerts/39514014-marshall-anderson-at-altas-cafe?utm_source=59582&utm_medium=partner,ok,7e-06,"{'date': '2020-02-28', 'datetime': '2020-02-28T17:00:00-0600', 'time': '17:00:00'}","[{'id': 74745536, 'displayName': 'Marshall Anderson', 'billing': 'headline', 'billingIndex': 1, 'artist': {'id': 3534886, 'displayName': 'Marshall Anderson', 'uri': 'http://www.songkick.com/artists/3534886-marshall-anderson?utm_source=59582&utm_medium=partner', 'identifier': []}}]",,False,"{'id': 2918583, 'displayName': ""Alta's Cafe"", 'uri': 'http://www.songkick.com/venues/2918583-altas-cafe?utm_source=59582&utm_medium=partner', 'metroArea': {'displayName': 'Austin', 'country': {'displayName': 'US'}, 'state': {'displayName': 'TX'}, 'id': 9179, 'uri': 'http://www.songkick.com/metro-areas/9179-us-austin?utm_source=59582&utm_medium=partner'}, 'lat': 30.26052, 'lng': -97.74173}","{'city': 'Austin, TX, US', 'lat': 30.26052, 'lng': -97.74173}",,
34,39523157,Zelick's Texas Independence Day Weekend 2020,Festival,http://www.songkick.com/festivals/3310441-zelicks-texas-independence-day-weekend/id/39523157-zelicks-texas-independence-day-weekend-2020?utm_source=59582&utm_medium=partner,ok,5.8e-05,"{'date': '2020-02-28', 'datetime': None, 'time': None}","[{'id': 74763490, 'displayName': 'Rock Bottom String Band', 'billing': 'headline', 'billingIndex': 1, 'artist': {'id': 8476323, 'displayName': 'Rock Bottom String Band', 'uri': 'http://www.songkick.com/artists/8476323-rock-bottom-string-band?utm_source=59582&utm_medium=partner', 'identifier': [{'mbid': '08d89b74-1de8-4ef3-bc74-80ea2d9ce520', 'href': 'http://api.songkick.com/api/3.0/artists/mbid:08d89b74-1de8-4ef3-bc74-80ea2d9ce520.json'}]}}]",,False,"{'id': 4021639, 'displayName': 'Zelicks Icehouse', 'uri': 'http://www.songkick.com/venues/4021639-zelicks-icehouse?utm_source=59582&utm_medium=partner', 'metroArea': {'displayName': 'Austin', 'country': {'displayName': 'US'}, 'state': {'displayName': 'TX'}, 'id': 9179, 'uri': 'http://www.songkick.com/metro-areas/9179-us-austin?utm_source=59582&utm_medium=partner'}, 'lat': 29.88278, 'lng': -97.94542}","{'city': 'San Marcos, TX, US', 'lat': 29.88278, 'lng': -97.94542}","{'date': '2020-03-02', 'time': None, 'datetime': None}","{'displayName': ""Zelick's Texas Independence Day Weekend""}"
35,39044554,"Kool & The Gang at Austin City Limits Live at The Moody Theater (February 29, 2020)",Concert,http://www.songkick.com/concerts/39044554-kool-and-the-gang-at-austin-city-limits-live-at-the-moody-theater?utm_source=59582&utm_medium=partner,ok,0.097468,"{'date': '2020-02-29', 'datetime': '2020-02-29T20:00:00-0600', 'time': '20:00:00'}","[{'id': 73943673, 'displayName': 'Kool & The Gang', 'billing': 'headline', 'billingIndex': 1, 'artist': {'id': 466977, 'displayName': 'Kool & The Gang', 'uri': 'http://www.songkick.com/artists/466977-kool-and-the-gang?utm_source=59582&utm_medium=partner', 'identifier': [{'mbid': '2469950a-f0ca-425a-bfbc-baf55ea3afde', 'href': 'http://api.songkick.com/api/3.0/artists/mbid:2469950a-f0ca-425a-bfbc-baf55ea3afde.json'}]}}]",,False,"{'id': 1182661, 'displayName': 'Austin City Limits Live at The Moody Theater', 'uri': 'http://www.songkick.com/venues/1182661-austin-city-limits-live-at-the-moody-theater?utm_source=59582&utm_medium=partner', 'metroArea': {'displayName': 'Austin', 'country': {'displayName': 'US'}, 'state': {'displayName': 'TX'}, 'id': 9179, 'uri': 'http://www.songkick.com/metro-areas/9179-us-austin?utm_source=59582&utm_medium=partner'}, 'lat': 30.26536, 'lng': -97.74727}","{'city': 'Austin, TX, US', 'lat': 30.26536, 'lng': -97.74727}",,
36,39120015,"Shinyribs at Paramount Theatre (February 29, 2020)",Concert,http://www.songkick.com/concerts/39120015-shinyribs-at-paramount-theatre?utm_source=59582&utm_medium=partner,ok,0.0014,"{'date': '2020-02-29', 'datetime': '2020-02-29T20:00:00-0600', 'time': '20:00:00'}","[{'id': 74071541, 'displayName': 'Shinyribs', 'billing': 'headline', 'billingIndex': 1, 'artist': {'id': 704137, 'displayName': 'Shinyribs', 'uri': 'http://www.songkick.com/artists/704137-shinyribs?utm_source=59582&utm_medium=partner', 'identifier': [{'mbid': '0c8a25d9-9554-4f97-baf4-74f590fa6779', 'href': 'http://api.songkick.com/api/3.0/artists/mbid:0c8a25d9-9554-4f97-baf4-74f590fa6779.json'}]}}]",,False,"{'id': 33724, 'displayName': 'Paramount Theatre', 'uri': 'http://www.songkick.com/venues/33724-paramount-theatre?utm_source=59582&utm_medium=partner', 'metroArea': {'displayName': 'Austin', 'country': {'displayName': 'US'}, 'state': {'displayName': 'TX'}, 'id': 9179, 'uri': 'http://www.songkick.com/metro_areas/9179-us-austin?utm_source=59582&utm_medium=partner'}, 'lat': 30.26945, 'lng': -97.7421}","{'city': 'Austin, TX, US', 'lat': 30.26945, 'lng': -97.7421}",,
37,39162593,"Remember Jones at 3ten Austin City Limits Live (February 29, 2020)",Concert,http://www.songkick.com/concerts/39162593-remember-jones-at-3ten-austin-city-limits-live?utm_source=59582&utm_medium=partner,ok,7.7e-05,"{'date': '2020-02-29', 'datetime': '2020-02-29T20:30:00-0600', 'time': '20:30:00'}","[{'id': 74143367, 'displayName': 'Remember Jones', 'billing': 'headline', 'billingIndex': 1, 'artist': {'id': 8904639, 'displayName': 'Remember Jones', 'uri': 'http://www.songkick.com/artists/8904639-remember-jones?utm_source=59582&utm_medium=partner', 'identifier': []}}]",,False,"{'id': 3228859, 'displayName': '3ten Austin City Limits Live', 'uri': 'http://www.songkick.com/venues/3228859-3ten-austin-city-limits-live?utm_source=59582&utm_medium=partner', 'metroArea': {'displayName': 'Austin', 'country': {'displayName': 'US'}, 'state': {'displayName': 'TX'}, 'id': 9179, 'uri': 'http://www.songkick.com/metro_areas/9179-us-austin?utm_source=59582&utm_medium=partner'}, 'lat': 30.26536, 'lng': -97.7473}","{'city': 'Austin, TX, US', 'lat': 30.26536, 'lng': -97.7473}",,
38,39230770,"Tall Heights at Barracuda - Tx (February 29, 2020)",Concert,http://www.songkick.com/concerts/39230770-tall-heights-at-barracuda-tx?utm_source=59582&utm_medium=partner,ok,0.01429,"{'date': '2020-02-29', 'datetime': '2020-02-29T20:00:00-0600', 'time': '20:00:00'}","[{'id': 74257254, 'displayName': 'Tall Heights', 'billing': 'headline', 'billingIndex': 1, 'artist': {'id': 1370015, 'displayName': 'Tall Heights', 'uri': 'http://www.songkick.com/artists/1370015-tall-heights?utm_source=59582&utm_medium=partner', 'identifier': [{'mbid': '08b5f897-6c61-414a-836f-200c0d22fb36', 'href': 'http://api.songkick.com/api/3.0/artists/mbid:08b5f897-6c61-414a-836f-200c0d22fb36.json'}]}}]",,False,"{'id': 4012609, 'displayName': 'Barracuda - Tx', 'uri': 'http://www.songkick.com/venues/4012609-barracuda-tx?utm_source=59582&utm_medium=partner', 'metroArea': {'displayName': 'Austin', 'country': {'displayName': 'US'}, 'state': {'displayName': 'TX'}, 'id': 9179, 'uri': 'http://www.songkick.com/metro-areas/9179-us-austin?utm_source=59582&utm_medium=partner'}, 'lat': 30.27292, 'lng': -97.74439}","{'city': 'Austin, TX, US', 'lat': 30.27292, 'lng': -97.74439}",,
39,39256405,"Elohim with Bahari at Scoot Inn (February 29, 2020)",Concert,http://www.songkick.com/concerts/39256405-elohim-at-scoot-inn?utm_source=59582&utm_medium=partner,ok,0.016253,"{'date': '2020-02-29', 'datetime': '2020-02-29T20:00:00-0600', 'time': '20:00:00'}","[{'id': 74299691, 'displayName': 'Elohim', 'billing': 'headline', 'billingIndex': 1, 'artist': {'id': 210930, 'displayName': 'Elohim', 'uri': 'http://www.songkick.com/artists/210930-elohim?utm_source=59582&utm_medium=partner', 'identifier': [{'mbid': 'd8dc4a82-9bdb-491d-96c4-129a53639a99', 'href': 'http://api.songkick.com/api/3.0/artists/mbid:d8dc4a82-9bdb-491d-96c4-129a53639a99.json'}]}}, {'id': 74299692, 'displayName': 'Bahari', 'billing': 'support', 'billingIndex': 2, 'artist': {'id': 8799279, 'displayName': 'Bahari', 'uri': 'http://www.songkick.com/artists/8799279-bahari?utm_source=59582&utm_medium=partner', 'identifier': [{'mbid': '92df1a78-1d0c-40a3-9c22-43083ca16e3c', 'href': 'http://api.songkick.com/api/3.0/artists/mbid:92df1a78-1d0c-40a3-9c22-43083ca16e3c.json'}]}}]",,False,"{'id': 68060, 'displayName': 'Scoot Inn', 'uri': 'http://www.songkick.com/venues/68060-scoot-inn?utm_source=59582&utm_medium=partner', 'metroArea': {'displayName': 'Austin', 'country': {'displayName': 'US'}, 'state': {'displayName': 'TX'}, 'id': 9179, 'uri': 'http://www.songkick.com/metro_areas/9179-us-austin?utm_source=59582&utm_medium=partner'}, 'lat': 30.26214, 'lng': -97.72939}","{'city': 'Austin, TX, US', 'lat': 30.26214, 'lng': -97.72939}",,
40,39269300,"Tennis at Stubbs BBQ (February 29, 2020)",Concert,http://www.songkick.com/concerts/39269300-tennis-at-stubbs-bbq?utm_source=59582&utm_medium=partner,ok,0.043936,"{'date': '2020-02-29', 'datetime': None, 'time': None}","[{'id': 74321478, 'displayName': 'Tennis', 'billing': 'headline', 'billingIndex': 1, 'artist': {'id': 365837, 'displayName': 'Tennis', 'uri': 'http://www.songkick.com/artists/365837-tennis?utm_source=59582&utm_medium=partner', 'identifier': [{'mbid': 'c1b3e591-7851-4b27-8534-4d22329a7b06', 'href': 'http://api.songkick.com/api/3.0/artists/mbid:c1b3e591-7851-4b27-8534-4d22329a7b06.json'}, {'mbid': '854cc3ee-7f3a-4924-8a20-3c22ea526740', 'href': 'http://api.songkick.com/api/3.0/artists/mbid:854cc3ee-7f3a-4924-8a20-3c22ea526740.json'}, {'mbid': 'a8982cb0-7886-4e60-9f6a-3b71baa370e6', 'href': 'http://api.songkick.com/api/3.0/artists/mbid:a8982cb0-7886-4e60-9f6a-3b71baa370e6.json'}]}}]",,False,"{'id': 3519259, 'displayName': 'Stubbs BBQ', 'uri': 'http://www.songkick.com/venues/3519259-stubbs-bbq?utm_source=59582&utm_medium=partner', 'metroArea': {'displayName': 'Austin', 'country': {'displayName': 'US'}, 'state': {'displayName': 'TX'}, 'id': 9179, 'uri': 'http://www.songkick.com/metro_areas/9179-us-austin?utm_source=59582&utm_medium=partner'}, 'lat': 30.26848, 'lng': -97.73618}","{'city': 'Austin, TX, US', 'lat': 30.26848, 'lng': -97.73618}",,
41,39272245,"Twiddle with Kitchen Dwellers at Mohawk (Indoor) (February 29, 2020)",Concert,http://www.songkick.com/concerts/39272245-twiddle-at-mohawk?utm_source=59582&utm_medium=partner,ok,0.006186,"{'date': '2020-02-29', 'datetime': '2020-02-29T20:00:00-0600', 'time': '20:00:00'}","[{'id': 74326372, 'displayName': 'Twiddle', 'billing': 'headline', 'billingIndex': 1, 'artist': {'id': 947444, 'displayName': 'Twiddle', 'uri': 'http://www.songkick.com/artists/947444-twiddle?utm_source=59582&utm_medium=partner', 'identifier': [{'mbid': '5cf454bc-3be0-47ba-9d0b-1e53da631a4e', 'href': 'http://api.songkick.com/api/3.0/artists/mbid:5cf454bc-3be0-47ba-9d0b-1e53da631a4e.json'}]}}, {'id': 74458279, 'displayName': 'Kitchen Dwellers', 'billing': 'support', 'billingIndex': 2, 'artist': {'id': 6394274, 'displayName': 'Kitchen Dwellers', 'uri': 'http://www.songkick.com/artists/6394274-kitchen-dwellers?utm_source=59582&utm_medium=partner', 'identifier': [{'mbid': '2a994741-42ca-4251-8400-7b6fe09ecf3d', 'href': 'http://api.songkick.com/api/3.0/artists/mbid:2a994741-42ca-4251-8400-7b6fe09ecf3d.json'}]}}]",,False,"{'id': 14633, 'displayName': 'Mohawk (Indoor)', 'uri': 'http://www.songkick.com/venues/14633-mohawk?utm_source=59582&utm_medium=partner', 'metroArea': {'displayName': 'Austin', 'country': {'displayName': 'US'}, 'state': {'displayName': 'TX'}, 'id': 9179, 'uri': 'http://www.songkick.com/metro-areas/9179-us-austin?utm_source=59582&utm_medium=partner'}, 'lat': 30.27016, 'lng': -97.73604}","{'city': 'Austin, TX, US', 'lat': 30.27016, 'lng': -97.73604}",,
42,39334659,"Blunts & Blondes at Vulcan Gas Company (February 29, 2020)",Concert,http://www.songkick.com/concerts/39334659-blunts-and-blondes-at-vulcan-gas-company?utm_source=59582&utm_medium=partner,ok,0.000526,"{'date': '2020-02-29', 'datetime': '2020-02-29T22:00:00-0600', 'time': '22:00:00'}","[{'id': 74430646, 'displayName': 'Blunts & Blondes', 'billing': 'headline', 'billingIndex': 1, 'artist': {'id': 9055574, 'displayName': 'Blunts & Blondes', 'uri': 'http://www.songkick.com/artists/9055574-blunts-and-blondes?utm_source=59582&utm_medium=partner', 'identifier': [{'mbid': '7de1a8b0-198a-452e-b16c-17c385bde895', 'href': 'http://api.songkick.com/api/3.0/artists/mbid:7de1a8b0-198a-452e-b16c-17c385bde895.json'}]}}]",,False,"{'id': 75966, 'displayName': 'Vulcan Gas Company', 'uri': 'http://www.songkick.com/venues/75966-vulcan-gas-company?utm_source=59582&utm_medium=partner', 'metroArea': {'displayName': 'Austin', 'country': {'displayName': 'US'}, 'state': {'displayName': 'TX'}, 'id': 9179, 'uri': 'http://www.songkick.com/metro-areas/9179-us-austin?utm_source=59582&utm_medium=partner'}, 'lat': 30.26716, 'lng': -97.73847}","{'city': 'Austin, TX, US', 'lat': 30.26716, 'lng': -97.73847}",,
43,39337691,"Molly Burch at Stubb's Barbeque (February 29, 2020)",Concert,http://www.songkick.com/concerts/39337691-molly-burch-at-stubbs-barbeque?utm_source=59582&utm_medium=partner,ok,0.003534,"{'date': '2020-02-29', 'datetime': '2020-02-29T19:00:00-0600', 'time': '19:00:00'}","[{'id': 74435460, 'displayName': 'Molly Burch', 'billing': 'headline', 'billingIndex': 1, 'artist': {'id': 7781329, 'displayName': 'Molly Burch', 'uri': 'http://www.songkick.com/artists/7781329-molly-burch?utm_source=59582&utm_medium=partner', 'identifier': [{'mbid': '74f5d2c7-48b0-4590-a54a-d444fd0b99f9', 'href': 'http://api.songkick.com/api/3.0/artists/mbid:74f5d2c7-48b0-4590-a54a-d444fd0b99f9.json'}]}}]",,False,"{'id': 4012414, 'displayName': ""Stubb's Barbeque"", 'uri': 'http://www.songkick.com/venues/4012414-stubbs-barbeque?utm_source=59582&utm_medium=partner', 'metroArea': {'displayName': 'Austin', 'country': {'displayName': 'US'}, 'state': {'displayName': 'TX'}, 'id': 9179, 'uri': 'http://www.songkick.com/metro-areas/9179-us-austin?utm_source=59582&utm_medium=partner'}, 'lat': 30.27292, 'lng': -97.74439}","{'city': 'Austin, TX, US', 'lat': 30.27292, 'lng': -97.74439}",,
44,39365724,"Kody West at Wild West (February 29, 2020)",Concert,http://www.songkick.com/concerts/39365724-kody-west-at-wild-west?utm_source=59582&utm_medium=partner,ok,0.000419,"{'date': '2020-02-29', 'datetime': None, 'time': None}","[{'id': 74482589, 'displayName': 'Kody West', 'billing': 'headline', 'billingIndex': 1, 'artist': {'id': 8825484, 'displayName': 'Kody West', 'uri': 'http://www.songkick.com/artists/8825484-kody-west?utm_source=59582&utm_medium=partner', 'identifier': [{'mbid': '9dd5466a-476a-4a98-bae1-a8293709315a', 'href': 'http://api.songkick.com/api/3.0/artists/mbid:9dd5466a-476a-4a98-bae1-a8293709315a.json'}]}}]",,False,"{'id': 2024724, 'displayName': 'Wild West', 'uri': 'http://www.songkick.com/venues/2024724-wild-west?utm_source=59582&utm_medium=partner', 'metroArea': {'displayName': 'Austin', 'country': {'displayName': 'US'}, 'state': {'displayName': 'TX'}, 'id': 9179, 'uri': 'http://www.songkick.com/metro-areas/9179-us-austin?utm_source=59582&utm_medium=partner'}, 'lat': 30.52284, 'lng': -97.82688}","{'city': 'Cedar Park, TX, US', 'lat': 30.52284, 'lng': -97.82688}",,
45,39373482,"Tony MacAlpine with Pala (ATX) at Come and Take It Live (February 29, 2020)",Concert,http://www.songkick.com/concerts/39373482-tony-macalpine-at-come-and-take-it-live?utm_source=59582&utm_medium=partner,ok,0.0015,"{'date': '2020-02-29', 'datetime': '2020-02-29T19:00:00-0600', 'time': '19:00:00'}","[{'id': 74495853, 'displayName': 'Tony MacAlpine', 'billing': 'headline', 'billingIndex': 1, 'artist': {'id': 458872, 'displayName': 'Tony MacAlpine', 'uri': 'http://www.songkick.com/artists/458872-tony-macalpine?utm_source=59582&utm_medium=partner', 'identifier': [{'mbid': '1245270a-3548-43a1-9b88-3fbf625148fa', 'href': 'http://api.songkick.com/api/3.0/artists/mbid:1245270a-3548-43a1-9b88-3fbf625148fa.json'}]}}, {'id': 74541294, 'displayName': 'Pala (ATX)', 'billing': 'support', 'billingIndex': 2, 'artist': {'id': 9870089, 'displayName': 'Pala (ATX)', 'uri': 'http://www.songkick.com/artists/9870089-pala-atx?utm_source=59582&utm_medium=partner', 'identifier': []}}]",,False,"{'id': 3536089, 'displayName': 'Come and Take It Live', 'uri': 'http://www.songkick.com/venues/3536089-come-and-take-it-live?utm_source=59582&utm_medium=partner', 'metroArea': {'displayName': 'Austin', 'country': {'displayName': 'US'}, 'state': {'displayName': 'TX'}, 'id': 9179, 'uri': 'http://www.songkick.com/metro-areas/9179-us-austin?utm_source=59582&utm_medium=partner'}, 'lat': 30.24054, 'lng': -97.72827}","{'city': 'Austin, TX, US', 'lat': 30.24054, 'lng': -97.72827}",,
46,39380050,"Brother Roscoe at Cheatham Street Warehouse (February 29, 2020)",Concert,http://www.songkick.com/concerts/39380050-brother-roscoe-at-cheatham-street-warehouse?utm_source=59582&utm_medium=partner,ok,0.0,"{'date': '2020-02-29', 'datetime': '2020-02-29T20:00:00-0600', 'time': '20:00:00'}","[{'id': 74508406, 'displayName': 'Brother Roscoe', 'billing': 'headline', 'billingIndex': 1, 'artist': {'id': 9937789, 'displayName': 'Brother Roscoe', 'uri': 'http://www.songkick.com/artists/9937789-brother-roscoe?utm_source=59582&utm_medium=partner', 'identifier': []}}]",,False,"{'id': 36709, 'displayName': 'Cheatham Street Warehouse', 'uri': 'http://www.songkick.com/venues/36709-cheatham-street-warehouse?utm_source=59582&utm_medium=partner', 'metroArea': {'displayName': 'Austin', 'country': {'displayName': 'US'}, 'state': {'displayName': 'TX'}, 'id': 9179, 'uri': 'http://www.songkick.com/metro-areas/9179-us-austin?utm_source=59582&utm_medium=partner'}, 'lat': 29.87668, 'lng': -97.93964}","{'city': 'San Marcos, TX, US', 'lat': 29.87668, 'lng': -97.93964}",,
47,39380648,"Rickshaw Billie's Burger Patrol with The Links (USA) and Monte Luna at Valhalla (February 29, 2020)",Concert,http://www.songkick.com/concerts/39380648-rickshaw-billies-burger-patrol-at-valhalla?utm_source=59582&utm_medium=partner,ok,1.6e-05,"{'date': '2020-02-29', 'datetime': None, 'time': None}","[{'id': 74509364, 'displayName': ""Rickshaw Billie's Burger Patrol"", 'billing': 'headline', 'billingIndex': 1, 'artist': {'id': 9147444, 'displayName': ""Rickshaw Billie's Burger Patrol"", 'uri': 'http://www.songkick.com/artists/9147444-rickshaw-billies-burger-patrol?utm_source=59582&utm_medium=partner', 'identifier': []}}, {'id': 74509365, 'displayName': 'The Links (USA)', 'billing': 'support', 'billingIndex': 2, 'artist': {'id': 8816479, 'displayName': 'The Links (USA)', 'uri': 'http://www.songkick.com/artists/8816479-links-usa?utm_source=59582&utm_medium=partner', 'identifier': []}}, {'id': 74679667, 'displayName': 'Monte Luna', 'billing': 'support', 'billingIndex': 3, 'artist': {'id': 9042484, 'displayName': 'Monte Luna', 'uri': 'http://www.songkick.com/artists/9042484-monte-luna?utm_source=59582&utm_medium=partner', 'identifier': []}}]",,False,"{'id': 874121, 'displayName': 'Valhalla', 'uri': 'http://www.songkick.com/venues/874121-valhalla?utm_source=59582&utm_medium=partner', 'metroArea': {'displayName': 'Austin', 'country': {'displayName': 'US'}, 'state': {'displayName': 'TX'}, 'id': 9179, 'uri': 'http://www.songkick.com/metro-areas/9179-us-austin?utm_source=59582&utm_medium=partner'}, 'lat': 30.26801, 'lng': -97.73678}","{'city': 'Austin, TX, US', 'lat': 30.26801, 'lng': -97.73678}",,
48,39393176,"ST 37, Baby Robots, and Sean Morales at Carousel Lounge (February 29, 2020)",Concert,http://www.songkick.com/concerts/39393176-st-37-at-carousel-lounge?utm_source=59582&utm_medium=partner,ok,6.7e-05,"{'date': '2020-02-29', 'datetime': None, 'time': None}","[{'id': 74531163, 'displayName': 'ST 37', 'billing': 'headline', 'billingIndex': 1, 'artist': {'id': 91909, 'displayName': 'ST 37', 'uri': 'http://www.songkick.com/artists/91909-st-37?utm_source=59582&utm_medium=partner', 'identifier': [{'mbid': '6026cb19-dadc-418d-9a81-77b13b9ddcbb', 'href': 'http://api.songkick.com/api/3.0/artists/mbid:6026cb19-dadc-418d-9a81-77b13b9ddcbb.json'}]}}, {'id': 74531164, 'displayName': 'Baby Robots', 'billing': 'headline', 'billingIndex': 2, 'artist': {'id': 7868, 'displayName': 'Baby Robots', 'uri': 'http://www.songkick.com/artists/7868-baby-robots?utm_source=59582&utm_medium=partner', 'identifier': []}}, {'id': 74531165, 'displayName': 'Sean Morales', 'billing': 'headline', 'billingIndex': 3, 'artist': {'id': 9330269, 'displayName': 'Sean Morales', 'uri': 'http://www.songkick.com/artists/9330269-sean-morales?utm_source=59582&utm_medium=partner', 'identifier': []}}]",,False,"{'id': 123348, 'displayName': 'Carousel Lounge', 'uri': 'http://www.songkick.com/venues/123348-carousel-lounge?utm_source=59582&utm_medium=partner', 'metroArea': {'displayName': 'Austin', 'country': {'displayName': 'US'}, 'state': {'displayName': 'TX'}, 'id': 9179, 'uri': 'http://www.songkick.com/metro-areas/9179-us-austin?utm_source=59582&utm_medium=partner'}, 'lat': 30.30983, 'lng': -97.70822}","{'city': 'Austin, TX, US', 'lat': 30.30983, 'lng': -97.70822}",,
49,39398363,"Jason Eady at Cactus Café, University of Texas (February 29, 2020)",Concert,http://www.songkick.com/concerts/39398363-jason-eady-at-cactus-cafe-university-of-texas?utm_source=59582&utm_medium=partner,ok,0.001347,"{'date': '2020-02-29', 'datetime': None, 'time': None}","[{'id': 74539744, 'displayName': 'Jason Eady', 'billing': 'headline', 'billingIndex': 1, 'artist': {'id': 259723, 'displayName': 'Jason Eady', 'uri': 'http://www.songkick.com/artists/259723-jason-eady?utm_source=59582&utm_medium=partner', 'identifier': [{'mbid': '84dbda9a-fbd3-40ca-9b17-fa85a0430fdd', 'href': 'http://api.songkick.com/api/3.0/artists/mbid:84dbda9a-fbd3-40ca-9b17-fa85a0430fdd.json'}]}}]",,False,"{'id': 528781, 'displayName': 'Cactus Café, University of Texas', 'uri': 'http://www.songkick.com/venues/528781-cactus-cafe-university-of-texas?utm_source=59582&utm_medium=partner', 'metroArea': {'displayName': 'Austin', 'country': {'displayName': 'US'}, 'state': {'displayName': 'TX'}, 'id': 9179, 'uri': 'http://www.songkick.com/metro-areas/9179-us-austin?utm_source=59582&utm_medium=partner'}, 'lat': 30.28608, 'lng': -97.74126}","{'city': 'Austin, TX, US', 'lat': 30.28608, 'lng': -97.74126}",,
