name,state,latitude,longitude,population,description,id
New York City,NY,40.6943,-73.9249,19354922,"New York City (NYC)\, also known as the City of New York or simply New York (NY)\, is the most populous city in the United States. With an estimated 2018 population of 8\,398\,748 distributed over about 302.6 square miles (784 km2)\, New York is also the most densely populated major city in the United States. Located at the southern tip of the U.S.",new-york
Los Angeles,CA,34.1139,-118.4068,12815475,"Los Angeles ( (listen); Spanish: Los Ãngeles; Spanish for '""The Angels""')\, officially the City of Los Angeles and often known by its initials L.A.\, is the most populous city in California; the second most populous city in the United States\, after New York City; and the third most populous city in North America\, after Mexico City and New York City. With an estimated population of nearly four million people\, Los Angeles is the cultural\, financial\, and commercial center of Southern California. The city is known for its Mediterranean climate\, ethnic diversity\, the entertainment industry\, and its sprawling metropolis.Los Angeles lies in a basin in Southern California\, adjacent to the Pacific Ocean\, with mountains as high as 10\,000 feet (3\,000 m)\, and deserts.",los-angeles
Chicago,IL,41.8373,-87.6862,8675982,"Chicago ( (listen)\, locally also )\, officially the City of Chicago\, is the most populous city in the U.S. state of Illinois\, and the third-most-populous city in the United States. With an estimated population of 2\,705\,994 (2018)\, it is also the most populous city in the Midwestern United States.",chicago
Miami,FL,25.7839,-80.2102,6381966,"Miami\, officially the City of Miami\, is the seat of Miami-Dade County\, and the cultural\, economic and financial center of South Florida in the United States. The city covers an area of about 56 square miles (150 km2) between the Everglades to the west and Biscayne Bay to the east. Miami is the sixth most densely populated major city in the United States with an estimated 2018 population of 470\,914.",miami
Dallas,TX,32.7936,-96.7662,5733259,"Dallas () is a city in the U.S. state of Texas and the largest city and seat of Dallas County\, with portions extending into Collin\, Denton\, Kaufman and Rockwall counties. With an estimated 2018 population of 1\,345\,076\, it is the ninth most-populous city in the U.S.",dallas
Philadelphia,PA,40.0077,-75.1339,5637884,"Philadelphia\, known colloquially as Philly\, is the largest city in the U.S. state and Commonwealth of Pennsylvania\, and the sixth-most populous U.S. city with a 2018 census-estimated population of 1\,584\,138.",philadelphia
Houston,TX,29.7869,-95.3905,5446468,"Houston ( (listen) HEW-stÉn) is the most populous city in the U.S. state of Texas\, fourth most populous city in the United States\, most populous city in the Southern United States\, as well as the sixth most populous in North America\, with an estimated 2018 population of 2\,325\,502. Located in Southeast Texas near Galveston Bay and the Gulf of Mexico\, it is the seat of Harris County and the principal city of the Greater Houston metropolitan area\, which is the fifth most populous metropolitan statistical area in the United States and the second most populous in Texas after the Dallas-Fort Worth metroplex\, with a population of 6\,997\,384 in 2018.Comprising a total area of 637.4 square miles (1\,651 km2)\, Houston is the eighth most expansive city in the United States (including consolidated city-counties).",houston
Washington,DC,38.9047,-77.0163,5289420,"Washington\, D.C.\, () formally the District of Columbia and commonly referred to as D.C.\, Washington\, or The District\, is the capital of the United States. Founded after the American Revolution as the seat of government of the newly independent country\, Washington was named after George Washington\, the first president of the United States and a Founding Father. As the seat of the United States federal government and several international organizations\, Washington is an important world political capital.",washington
Atlanta,GA,33.7627,-84.4225,5228750,"Atlanta () is the capital and most populous city in the U.S. state of Georgia. With an estimated 2018 population of 498\,044\, it is also the 37th most-populous city in the United States.",atlanta
Boston,MA,42.3188,-71.0846,4637537,"Boston (UK: \, US: ) is the capital and most populous city of the Commonwealth of Massachusetts in the United States\, and the 21st most populous city in the United States. The city proper covers 49 square miles (127 km2) with an estimated population of 694\,583 in 2018\, also making it the most populous city in New England. Boston is the seat of Suffolk County as well\, although the county government was disbanded on July 1\, 1999.",boston
Phoenix,AZ,33.5722,-112.0891,4081849,"Phoenix is the capital and most populous city in Arizona\, with 1\,660\,272 people (as of 2018). It is also the fifth most populous city in the United States\, and the only state capital with a population of more than one million residents.Phoenix is the anchor of the Phoenix metropolitan area\, also known as the Valley of the Sun\, which in turn is part of the Salt River Valley. The metropolitan area is the 11th largest by population in the United States\, with approximately 4.73 million people as of 2017.",phoenix
Seattle,WA,47.6211,-122.3244,3643765,"Seattle ( (listen) see-AT-Él) is a seaport city on the West Coast of the United States. It is the seat of King County\, Washington. With an estimated 744\,955 residents as of 2018\, Seattle is the largest city in both the state of Washington and the Pacific Northwest region of North America.",seattle
San Francisco,CA,37.7562,-122.443,3603761,"San Francisco\, officially the City and County of San Francisco and colloquially known as SF\, San Fran\, Frisco\, or The City\, is the cultural\, commercial\, and financial center of Northern California. San Francisco is the 15th most populous city in the United States\, and the fourth most populous in California\, with 883\,305 residents as of 2018. It covers an area of about 46.89 square miles (121.4 km2)\, mostly at the north end of the San Francisco Peninsula in the San Francisco Bay Area\, making it the second most densely populated large U.S.",san-francisco
Detroit,MI,42.3834,-83.1024,3522206,"Detroit (\, locally also ; French: DÃ©troit\, lit. 'strait') is the largest and most populous city in the U.S. state of Michigan\, the largest U.S.",detroit
San Diego,CA,32.8312,-117.1225,3210314,"San Diego (\, Spanish: [san ËdjeÉ£o]; Spanish for '""Saint Didacus""') is a city in the U.S. state of California on the coast of the Pacific Ocean\, approximately 120 miles (190 km) south of Los Angeles and immediately adjacent to the border with Mexico. With an estimated population of 1\,425\,976 as of July 1\, 2018\, San Diego is the eighth-largest city in the United States and second-largest in California.",san-diego
Minneapolis,MN,44.9635,-93.2678,2926757,"Minneapolis ( (listen)) is the county seat of Hennepin County and the larger of the Twin Cities\, the 16th-largest metropolitan area in the United States. As of 2018\, Minneapolis is the largest city in the state of Minnesota and 46th-largest in the United States\, with an estimated population of 425\,403. The Twin Cities metropolitan area consists of Minneapolis\, its neighbor Saint Paul and suburbs which altogether contain about 3.63 million people\, and is the third-largest economic and population center in the Midwest.Minneapolis lies on both banks of the Mississippi River\, just north of the river's confluence with the Minnesota River\, and adjoins Saint Paul\, the state's capital.",minneapolis-saint-paul
Tampa,FL,27.9942,-82.4451,2804240,"Tampa is a major city in\, and the county seat of\, Hillsborough County\, Florida\, United States. It is on the west coast of Florida on Tampa Bay\, near the Gulf of Mexico. Tampa is the largest city in the Tampa Bay Area.",tampa
Denver,CO,39.7621,-104.8759,2787266,"Denver ()\, officially the City and County of Denver\, is the capital and most populous municipality of the U.S. state of Colorado. Denver is located in the South Platte River Valley on the western edge of the High Plains just east of the Front Range of the Rocky Mountains.",denver
Brooklyn,NY,40.6501,-73.9496,2629150,"Brooklyn () is a borough of New York City\, coterminous with Kings County\, located in the U.S. state of New York\, the most populous county in the state\, and the second-most densely populated county in the United States. It is New York City's most populous borough\, with an estimated 2\,504\,700 residents in 2010.",brooklyn
Queens,NY,40.7498,-73.7976,2333054,"Queens  is a borough of New York City\, coterminous with Queens County\, in the U.S. state of New York. It is the largest borough geographically and is adjacent to the borough of Brooklyn\, at the western end of Long Island.",queens
Baltimore,MD,39.3051,-76.6144,2170504,"Baltimore ( BAWL-tim-or\, locally: ) is the most populous city in the U.S. state of Maryland\, as well as the 30th most populous city in the United States\, with a population of 602\,495 in 2018 and also the largest such independent city in the country. Baltimore was established by the Constitution of Maryland as an independent city in 1729.",baltimore
Riverside,CA,33.9381,-117.3948,2084749,"Riverside is a city in\, and the county seat of\, Riverside County\, California\, United States\, located in the Inland Empire metropolitan area. It is named for its location beside the Santa Ana River. It is the most populous city in the Inland Empire and in Riverside County\, and is located about 55 miles (89 km) east of downtown Los Angeles.",riverside
St. Louis,MO,38.6358,-90.2451,2078283,"St. Louis () is an independent city in Missouri. It is the largest metropolitan area in the state of Missouri\, however the independent city of St.",st.-louis
Las Vegas,NV,36.2333,-115.2654,2073045,"Las Vegas  (Spanish for ""The Meadows"")\, officially the City of Las Vegas and often known simply as Vegas\, is the 28th-most populated city in the United States\, the most populated city in the state of Nevada\, and the county seat of Clark County. The city anchors the Las Vegas Valley metropolitan area and is the largest city within the greater Mojave Desert. Las Vegas is an internationally renowned major resort city\, known primarily for its gambling\, shopping\, fine dining\, entertainment\, and nightlife.",las-vegas
Portland,OR,45.5371,-122.65,2052796,"Portland (; PORT-lÉnd) is the largest and most populous city in the U.S. state of Oregon and the seat of Multnomah County. It is a major port in the Willamette Valley region of the Pacific Northwest\, at the confluence of the Willamette and Columbia rivers.",portland
San Antonio,TX,29.4658,-98.5254,2002530,"San Antonio (; from Spanish\, ""Saint Anthony\,"" officially the City of San Antonio\, is the seventh-most populous city in the United States\, and the second-most populous city in Texas with more than 1.5 million residents. Founded as a Spanish mission and colonial outpost in 1718\, the city became the first chartered civil settlement in present-day Texas in 1731. The area was still part of the Spanish Empire\, and later of the Mexican Republic.",san-antonio
Sacramento,CA,38.5667,-121.4683,1854698,"Sacramento ( SAK-rÉ-MEN-toh; Spanish: [sakÉ¾aËmento]; Spanish for '""sacrament""') is the capital city of the U.S. state of California and the seat of Sacramento County. Located at the confluence of the Sacramento River and the American River in Northern California's Sacramento Valley\, Sacramento's estimated 2018 population of 501\,334 makes it the sixth-largest city in California and the ninth largest capital in the United States.",sacramento
San Jose,CA,37.3021,-121.8489,1821899,"San Jose (; Spanish: [saÅ xoËse]; Spanish for '""Saint Joseph""')\, officially the City of San JosÃ©\, is the economic\, cultural and political center of Silicon Valley\, and the largest city in Northern California (both by population and area). With an estimated 2018 population of 1\,030\,119\, it is the third-most populous city in California (after Los Angeles and San Diego) and the tenth-most populous in United States. Located in the center of the Santa Clara Valley\, on the southern shore of San Francisco Bay\, San Jose covers an area of 179.97 square miles (466.1 km2).",san-jose
Orlando,FL,28.4772,-81.3369,1776841,"Orlando () is a city in the U.S. state of Florida and the county seat of Orange County. Located in Central Florida\, it is the center of the Orlando metropolitan area\, which had a population of 2\,509\,831\, according to U.S.",orlando
Cleveland,OH,41.4767,-81.6805,1730363,"Cleveland ( KLEEV-lÉnd) is a city in the U.S. state of Ohio\, and the county seat of Cuyahoga County. The city proper has a population of 385\,525\, making it the 52nd-largest city in the United States and the second-largest city in Ohio.",cleveland
Pittsburgh,PA,40.4396,-79.9763,1715297,"Pittsburgh ( PITS-burg) is a city in the state of Pennsylvania in the United States\, and is the county seat of Allegheny County. A population of about 302\,407 (2018) residents live within the city limits\, making it the 66th-largest city in the U.S. The metropolitan population of 2\,324\,743 is the largest in both the Ohio Valley and Appalachia\, the second-largest in Pennsylvania (behind Philadelphia)\, and the 27th-largest in the U.S.Pittsburgh is located in the southwest of the state\, at the confluence of the Allegheny\, Monongahela\, and Ohio rivers.",pittsburgh
Cincinnati,OH,39.1412,-84.506,1648254,"Cincinnati ( SIN-sih-NAT-ee) is a major city in the U.S. state of Ohio\, and is the government seat of Hamilton County. Settled in 1788\, the city is located at the northern side of the confluence of the Licking and Ohio rivers\, the latter of which marks the state line with Kentucky.",cincinnati
Manhattan,NY,40.7834,-73.9662,1643734,"Manhattan ()\, often referred to by residents of the New York City area as the City\, is the most densely populated of the five boroughs of New York City\, and coextensive with the County of New York\, one of the original counties of the U.S. state of New York. Manhattan serves as the city's economic and administrative center\, cultural identifier\, and historical birthplace.",manhattan
Austin,TX,30.3006,-97.7517,1638716,"Austin (UK: \, US: ) is the capital city of the U.S. state of Texas\, as well as the seat and largest city of Travis County\, with portions extending into Hays and Williamson counties. It is the 11th-most populous city in the United States\, the fourth-most-populous city in Texas\, and the second-most-populous state capital city (after Phoenix\, Arizona).",austin
Kansas City,MO,39.1239,-94.5541,1615621,Kansas City (abbreviated KC or KCMO) is the largest city in the U.S. state of Missouri by population and area. According to the U.S.,kansas-city
Indianapolis,IN,39.7771,-86.1458,1564699,"Indianapolis ()\, often shortened to Indy\, is the state capital and most populous city of the U.S. state of Indiana and the seat of Marion County. According to 2018 estimates from the U.S.",indianapolis
Columbus,OH,39.986,-82.9851,1528314,"Columbus is the state capital and the most populous city in the U.S. state of Ohio. With a population of 892\,533 as of 2018 estimates\, it is the 14th-most populous city in the United States  and one of the fastest growing large cities in the nation.",columbus
Virginia Beach,VA,36.7335,-76.0435,1480383,"Virginia Beach is an independent city located on the southeastern coast of the Commonwealth of Virginia in the United States. As of the 2010 census\, the population was 437\,994; in 2018\, it was estimated to be 450\,138. Although mostly suburban in character\, it is the most populous city in Virginia and the 44th most populous city in the nation.Located on the Atlantic Ocean at the mouth of the Chesapeake Bay\, Virginia Beach is included in the Hampton Roads metropolitan area.",virginia-beach
Charlotte,NC,35.2079,-80.8304,1467362,"Charlotte () is the most populous city in the U.S. state of North Carolina. Located in the Piedmont\, it is the county seat of Mecklenburg County.",charlotte
Bronx,NY,40.8501,-73.8662,1455720,"The Bronx () is a borough of New York City\, coterminous with Bronx County\, in the U.S. state of New York\, the third-most densely populated county in the United States. It is south of Westchester County; northeast and east of Manhattan\, across the Harlem River; and north of Queens\, across the East River.",bronx
Milwaukee,WI,43.0642,-87.9673,1377808,"Milwaukee (\, locally ) is the largest city in the state of Wisconsin and the fifth-largest city in the Midwestern United States. The seat of the eponymous county\, it is on Lake Michigan's western shore. Ranked by its estimated 2018 population\, Milwaukee was the 31st largest city in the United States.",milwaukee
Providence,RI,41.823,-71.4187,1206642,"Providence is the capital and most populous city of the state of Rhode Island and is one of the oldest cities in the United States. It was founded in 1636 by Roger Williams\, a Reformed Baptist theologian and religious exile from the Massachusetts Bay Colony. He named the area in honor of ""God's merciful Providence"" which he believed was responsible for revealing such a haven for him and his followers.",providence
Jacksonville,FL,30.3322,-81.6749,1156291,"Jacksonville is the most populous city in Florida as well as the southeastern United States\, and the largest city by area in the contiguous United States. It is the seat of Duval County\, with which the city government consolidated in 1968. Consolidation gave Jacksonville its great size and placed most of its metropolitan population within the city limits.",jacksonville
Salt Lake City,UT,40.7774,-111.93,1098400,"Salt Lake City (often shortened to Salt Lake and abbreviated as SLC) is the capital and most populous municipality of the U.S. state of Utah\, as well as the seat of Salt Lake County\, the most populous county in Utah. With an estimated population of 200\,591 in 2018\, the city is the core of the Salt Lake City metropolitan area\, which has a population of 1\,222\,540 (2018 estimate).",salt-lake-city
Nashville,TN,36.1715,-86.7843,1076645,Nashville is the capital and most populous city of the U.S. state of Tennessee. The city is the county seat of Davidson County and is located on the Cumberland River.,nashville
Memphis,TN,35.1046,-89.9773,1068873,"Memphis is a city located along the Mississippi River in southwestern Shelby County\, Tennessee\, United States. The 2018 city population was 650\,618\, making Memphis the largest city on the Mississippi River\, the second most populous city in Tennessee\, as well as the 26th largest city in the United States. Greater Memphis is the 42nd largest metropolitan area in the United States\, with a population of 1\,348\,260 in 2017.",memphis
Richmond,VA,37.5295,-77.4756,1059907,"Richmond () is the capital city of the Commonwealth of Virginia. It is the center of the Richmond Metropolitan Statistical Area (MSA) and the Greater Richmond Region. Richmond was incorporated in 1742 and has been an independent city since 1871. As of the 2010 census\, the city's population was 204\,214; in 2018\, the population was estimated to be 228\,783\, making Richmond the fourth-most populous city in Virginia.",richmond
New Orleans,LA,30.0687,-89.9288,1029123,"New Orleans (\, locally ; French: La Nouvelle-OrlÃ©ans [la nuvÉlÉÊleÉÌ] (listen)) is a consolidated city-parish located along the Mississippi River in the southeastern region of the U.S. state of Louisiana. With an estimated population of 391\,006 in 2018\, it is the most populous city in Louisiana.",new-orleans
Raleigh,NC,35.8324,-78.6438,1018336,"Raleigh (; RAH-lee) is the capital of the state of North Carolina and the seat of Wake County in the United States. Raleigh is the second-largest city in the state\, after Charlotte. Raleigh is known as the ""City of Oaks"" for its many oak trees\, which line the streets in the heart of the city.",raleigh
Louisville,KY,38.1663,-85.6485,1011696,"Louisville (US:  (listen) LOO-É-vÉl\,  (listen) LOO-ee-vil\,  (listen) LUUV-Él\, UK: ) is the largest city in the Commonwealth of Kentucky and the 29th most-populous city in the United States. It is one of two cities in Kentucky designated as first-class\, the other being Lexington\, the state's second-largest city. Louisville is the historical seat and\, since 2003\, the nominal seat of Jefferson County\, on the Indiana border. Named after King Louis XVI of France\, Louisville was founded in 1778 by George Rogers Clark\, making it one of the oldest cities west of the Appalachians.",louisville
Oklahoma City,OK,35.4676,-97.5137,955998,"Oklahoma City ()\, often shortened to OKC\, is the capital and largest city of the U.S. state of Oklahoma. The county seat of Oklahoma County\, the city ranks 27th among United States cities in population.",oklahoma-city
Bridgeport,CT,41.1918,-73.1953,938406,"Bridgeport is a historic seaport city in the U.S. state of Connecticut.  It is in Fairfield County\, at the mouth of the Pequonnock River on Long Island Sound\, 60 miles (97 km) from Manhattan and 40 miles (64 km) from The Bronx.",bridgeport
Buffalo,NY,42.9017,-78.8487,926261,"Buffalo is the second largest city in the U.S. state of New York and the largest city in Western New York. As of 2018\, the population was 256\,304.",buffalo
Hartford,CT,41.7661,-72.6834,914751,Hartford is the capital city of the U.S. state of Connecticut. It was the seat of Hartford County until Connecticut disbanded county government in 1960.,hartford
Fort Worth,TX,32.7812,-97.3472,874168,"Fort Worth is the fifth-largest city in the U.S. state of Texas and the 13th-largest city in the United States. It is the county seat of Tarrant County\, covering nearly 350 square miles (910 km2) into three other counties: Denton\, Parker\, and Wise.",fort-worth
Tucson,AZ,32.1545,-110.8782,868391,"Tucson () is a city in and the county seat of Pima County\, Arizona\, United States\, and is home to the University of Arizona. The 2010 United States Census put the population at 520\,116\, while the 2015 estimated population of the entire Tucson metropolitan statistical area (MSA) was 980\,263. The Tucson MSA forms part of the larger Tucson-Nogales combined statistical area (CSA)\, with a total population of 1\,010\,025 as of the 2010 Census.",tucson
El Paso,TX,31.8479,-106.4309,845674,"El Paso (; from Spanish\, ""the pass"") is a city and the county seat of El Paso County\, Texas\, United States\, in the far western part of the state. The 2018 population estimate for the city from the U.S. Census was 682\,669\, making it the 22nd largest city in the United States.",el-paso
Honolulu,HI,21.3294,-157.846,833671,Honolulu (; Hawaiian: [honoËlulu]) is the capital and largest city of the U.S. state of Hawaii. It is an unincorporated part of and the county seat of the City and County of Honolulu along the southeast coast of the island of OÊ»ahu.,honolulu
Omaha,NE,41.2628,-96.0498,827786,"Omaha ( OH-mÉ-hah) is the largest city in the state of Nebraska and the county seat of Douglas County. Omaha is in the Midwestern United States on the Missouri River\, about 10 miles (15 km) north of the mouth of the Platte River. The nation's 40th-largest city\, Omaha's 2018 estimated population was 466\,061. Omaha is the anchor of the eight-county\, bi-state Omaha-Council Bluffs metropolitan area.",omaha
McAllen,TX,26.2273,-98.2471,800904,"McAllen is the largest city in Hidalgo County\, Texas\, United States\, and the 22nd-most populous city in Texas. It is located at the southern tip of the state in the Rio Grande Valley. The city limits extend south to the Rio Grande\, across from the Mexican city of Reynosa.",mcallen
Albuquerque,NM,35.1053,-106.6464,758523,"Albuquerque ( (listen) AL-bÉ-kur-kee; Navajo: BeeÊ¼eldÃ­Ã­l Dahsinil [pÃ¨ËÊÃ¨ltÃ­Ël tÉÌxsÉªÌnÉªÌl]; Eastern Keres: Arawageeki; Jemez: VakÃªÃªke; Zuni: Alo:ke:k'ya; Jicarilla Apache: GoÅgÃ©eki'yÃ©)\, abbreviated as ABQ\, is the most populous city in the U.S. state of New Mexico\, and the 32nd-most populous city in the United States. The city's nicknames are The Duke City and Burque\, both of which reference its 1706 founding by Nuevo MÃ©xico governor Francisco Cuervo y ValdÃ©s as La Villa de Alburquerque\, named in honor of then Viceroy the 10th Duke of Alburquerque\, the Villa was an outpost on El Camino Real for the Tiquex and Hispano towns in the area (such as Barelas\, Corrales\, Isleta Pueblo\, Los Ranchos\, and Sandia Pueblo).",albuquerque
Birmingham,AL,33.5277,-86.7987,744189,"Birmingham ( BUR-ming-ham) is a city in the north central region of the U.S. state of Alabama. With an estimated 2018 population of 209\,880\, it is the most populous city in Alabama.",birmingham
Dayton,OH,39.7797,-84.1998,718169,Dayton () is the sixth-largest city in the state of Ohio and the county seat of Montgomery County. A small part of the city extends into Greene County. The 2018 U.S.,dayton
Rochester,NY,43.168,-77.6162,711998,"Rochester () is a city on the southern shore of Lake Ontario in western New York and the seat of Monroe County. With a population of 208\,046\, Rochester is the third most populous city in New York state\, after New York City and Buffalo. The metropolitan area has a population of just over one million people.",rochester
Sarasota,FL,27.3386,-82.54299999999999,706245,"Sarasota () is a city in Sarasota County on the southwestern coast of the U.S. state of Florida. The area is renowned for its cultural and environmental amenities\, beaches\, resorts\, and the Sarasota School of Architecture.",sarasota
Fresno,CA,36.7831,-119.7941,698021,"Fresno ( FREZ-noh; Spanish for '""ash tree""') is a city in and the county seat of Fresno County\, California\, United States. It covers about 112 square miles (290 km2) in the center of the San Joaquin Valley\, the southern portion of California's Central Valley. Named for the abundant ash trees lining the San Joaquin River\, Fresno was founded in 1872 as a railway station of the Central Pacific Railroad before it was incorporated in 1885. The city has since become an economic hub of Fresno County and the San Joaquin Valley\, with much of the surrounding areas in the Metropolitan Fresno region predominantly tied to large-scale agricultural production. The population of Fresno grew from 134\,000 in 1960 to 428\,000 in 2000.",fresno
Allentown,PA,40.5961,-75.4755,682899,"Allentown (Pennsylvania Dutch: Allenschteddel) is a city located in Lehigh County\, Pennsylvania\, United States. It is Pennsylvania's third most populous city and the 233rd largest city in the United States. As of the 2010 census\, the city had a total population of 118\,032 and it is currently the fastest growing major city in Pennsylvania with an estimated 121\,433 residents according to the 2018 census estimate.",allentown
Tulsa,OK,36.1284,-95.9043,672054,"Tulsa  is the second-largest city in the state of Oklahoma and 45th-most populous city in the United States. As of July 2018\, the population was 403\,035\, an increase of 11\,129 since the 2010 Census. It is the principal municipality of the Tulsa Metropolitan Area\, a region with 991\,005 residents in the MSA and 1\,251\,172 in the CSA.",tulsa
Concord,CA,37.9722,-122.0016,654770,"Concord ( KON-kerd) is the largest city in Contra Costa County\, California. At the 2010 census\, the city had a population of 122\,067 making it the 8th largest city in the San Francisco Bay Area. Founded in 1869 as the community of Todos Santos by Salvio Pacheco\, the name was changed to Concord within months.",concord
Cape Coral,FL,26.6445,-81.9955,630134,"Cape Coral  is a city located in Lee County\, Florida\, United States\, on the Gulf of Mexico.  Founded in 1957 and developed as a planned community\, the city grew to a population of 154\,305 by the year 2010. The city's population estimate was 165\,831 for 2013 and 189\,343 for 2018.",cape-coral
Springfield,MA,42.1155,-72.5395,628076,"Springfield is a city in the state of Massachusetts\, United States\, and the seat of Hampden County. Springfield sits on the eastern bank of the Connecticut River near its confluence with three rivers: the western Westfield River\, the eastern Chicopee River\, and the eastern Mill River. As of the 2010 Census\, the city's population was 153\,060.",springfield
Colorado Springs,CO,38.8674,-104.7606,623946,"Colorado Springs is a home rule municipality that is the largest city by area in Colorado as well as the county seat and the most populous municipality of El Paso County\, Colorado\, United States. It is in east central Colorado\, on Fountain Creek\, 60 miles (97 km) south of Denver. At 6\,035 feet (1\,839 m) the city stands over 1 mile (1.6 km) above sea level\, though some areas are significantly higher and lower. Colorado Springs is near the base of Pikes Peak\, which rises 14\,115 feet (4\,302 m) above sea level on the eastern edge of the Southern Rocky Mountains. The United States Air Force Academy opened just north of Colorado Springs in 1958.",colorado-springs
Charleston,SC,32.8151,-79.96300000000001,616085,"Charleston is the oldest and largest city in the U.S. state of South Carolina. The city is the county seat of Charleston County\, and the principal city in the CharlestonâNorth CharlestonâSummerville Metropolitan Statistical Area.",charleston
Grand Rapids,MI,42.9615,-85.6557,602694,"Grand Rapids is the second-largest city in Michigan and the largest city in West Michigan. It is on the Grand River about 30 miles (48 km) east of Lake Michigan. As of the 2010 census\, the city population was 188\,040.",grand-rapids
Mission Viejo,CA,33.6095,-117.655,600474,"Mission Viejo () is a commuter city located within Orange County\, California\, United States in the Saddleback Valley. Mission Viejo is considered one of the largest master-planned communities ever built under a single project in the United States and is rivaled only by Highlands Ranch\, Colorado in its size. Its population as of 2017 was estimated at 96\,016.Mission Viejo is suburban in nature and culture.",mission-viejo
Albany,NY,42.6664,-73.7987,597270,"Albany ( (listen) AWL-bÉ-nee) is the capital of the U.S. state of New York and the seat and largest city of Albany County. Albany is located on the west bank of the Hudson River approximately 10 miles (16 km) south of its confluence with the Mohawk River and approximately 135 miles (220 km) north of New York City.Albany is known for its rich history\, commerce\, culture\, architecture\, and institutions of higher education.",albany
Knoxville,TN,35.9692,-83.9496,585249,"Knoxville is a city in the U.S. state of Tennessee\, and the county seat of Knox County. As of the 2010 census\, the city has a population of 178\,874\, and is Tennessee's third largest city after Nashville and Memphis.",knoxville
Baton Rouge,LA,30.4419,-91.131,583613,"Baton Rouge ( BAT-Én ROOZH; from French\, meaning 'red stick') is the capital of the U.S. state of Louisiana. Located on the eastern bank of the Mississippi River\, it is the parish seat of East Baton Rouge Parish\, the most populous parish in Louisiana.",baton-rouge
Bakersfield,CA,35.353,-119.0359,574362,"Bakersfield is a charter city in Kern County\, California\, United States. It is the county seat and largest city of Kern County. The city covers about 151 sq mi (390 km2) near the southern end of the San Joaquin Valley and the Central Valley region.",bakersfield
Ogden,UT,41.228,-111.9677,573632,"Ogden  is a city and the county seat of Weber County\, Utah\, United States\, approximately 10 miles (16 km) east of the Great Salt Lake and 40 miles (64 km) north of Salt Lake City. The population was 87\,325 in 2018\, according to the US Census Bureau\, making it Utah's 7th largest city. The city served as a major railway hub through much of its history\, and still handles a great deal of freight rail traffic which makes it a convenient location for manufacturing and commerce.",ogden
New Haven,CT,41.3112,-72.9246,568144,"New Haven is a coastal city in the U.S. state of Connecticut. It is located on New Haven Harbor on the northern shore of Long Island Sound in New Haven County\, Connecticut\, and is part of the New York metropolitan area.",new-haven
Columbia,SC,34.0376,-80.9037,566166,"Columbia is the capital and second largest city of the U.S. state of South Carolina\, with a population estimate of 133\,451 as of 2018. The city serves as the county seat of Richland County\, and a portion of the city extends into neighboring Lexington County.",columbia
Akron,OH,41.0798,-81.5219,565920,"Akron () is the fifth-largest city in the U.S. state of Ohio and is the county seat of Summit County. It is located on the western edge of the Glaciated Allegheny Plateau\, about 30 miles (48 km) south of Cleveland.",akron
Provo,UT,40.2457,-111.6457,503695,"Provo  is the third-largest city in Utah\, United States. It is 43 miles (69 km) south of Salt Lake City along the Wasatch Front. Provo is the largest city and county seat of Utah County.",provo
Worcester,MA,42.2705,-71.8079,498997,"Worcester ( (listen) WUUS-tÉr) is a city in\, and the county seat of\, Worcester County\, Massachusetts\, United States. Named after Worcester\, England\, as of the 2010 Census the city's population was 181\,045\, making it the second-most populous city in New England after Boston. Worcester is approximately 40 miles (64 km) west of Boston\, 50 miles (80 km) east of Springfield and 40 miles (64 km) north of Providence.",worcester
Mesa,AZ,33.4017,-111.7181,496401,"Mesa ( MAY-sÉ) is a city in Maricopa County\, in the U.S. state of Arizona. It is a suburb located about 20 miles (32 km) east of Phoenix in the East Valley section of the Phoenix Metropolitan Area.",mesa
Toledo,OH,41.6639,-83.5822,488672,"Toledo (/t??li?do?/) is a city in and the county seat of Lucas County, Ohio, United States.[6] Toledo is in northwest Ohio, at the western end of Lake Erie bordering the state of Michigan. The city was founded in 1833 on the west bank of the Maumee River, and originally incorporated as part of Monroe County, Michigan Territory. It was re-founded in 1837, after the conclusion of the Toledo War, when it was incorporated in Ohio.",toledo
Murrieta,CA,33.571999999999996,-117.1909,483681,"Murrieta is a city in southwestern Riverside County\, California\, United States. The population of Murrieta was 103\,466 at the 2010 census. Murrieta experienced a 133.7% population increase between 2000 and 2010\, according to the most recent census\, making Murrieta one of the fastest-growing cities in the state.",murrieta
Wichita,KS,37.6897,-97.3441,483057,"Wichita ( WITCH-i-taw) is the largest city in the U.S. state of Kansas and the county seat of Sedgwick County. As of 2018\, the estimated population of the city was 389\,255.",wichita
Staten Island,NY,40.5834,-74.1496,476015,"Staten Island (/?stæt?n ?a?l?nd/) is a borough of New York City, coterminous with Richmond County, in the U.S. state of New York. Located in the southwest portion of the city, the borough is separated from New Jersey by the Arthur Kill and the Kill Van Kull and from the rest of New York by New York Bay. With an estimated population of 476,179 in 2018,[1] Staten Island is the least populated of the boroughs but is the third-largest in land area at 58.5 sq mi (152 km2). The borough also contains the southern-most point in the state, South Point.",staten-island
Long Beach,CA,33.798,-118.1675,469450,"Long Beach is a city in the US state of California located within the Los Angeles metropolitan area. It is the 39th most populous city in the United States with a population of 462\,257 in 2010. A charter city\, Long Beach is the 7th most populous city in California. Incorporated in 1897\, Long Beach lies in Southern California in the southeastern corner of Los Angeles County.",long-beach
Greenville,SC,34.8362,-82.3649,467894,"Greenville (; locally ) is a city in and the seat of Greenville County\, South Carolina\, United States. The city's mayor is Knox H. White\, who has been in that position since December 1995.",greenville
Little Rock,AR,34.7255,-92.35799999999999,442699,"Little Rock is the capital and most populous city of the U.S. state of Arkansas. As the county seat of Pulaski County\, the city was incorporated on November 7\, 1831\, on the south bank of the Arkansas River close to the state's geographic center.",little-rock
Harrisburg,PA,40.2752,-76.8843,441580,"Harrisburg ( HARR-iss-burg; Pennsylvania German: Harrisbarrig) is the capital city of the Commonwealth of Pennsylvania in the United States\, and the county seat of Dauphin County. With a population of 49\,229\, it is the 15th largest city in the Commonwealth. It lies on the east bank of the Susquehanna River\, 107 miles (172 km) west of Philadelphia.",harrisburg
Denton,TX,33.2176,-97.1419,440146,"Denton is a city in and the county seat of Denton County\, Texas\, United States. With an estimated population of 138\,541 as of 2018\, it is the 24th-most populous city in Texas\, the 196th-most populous city in the United States\, and the 12th-most populous city in the DallasâFort Worth metroplex. A Texas land grant led to the formation of Denton County in 1846\, and the city was incorporated in 1866. Both were named after pioneer and Texas militia captain John B.",denton
Madison,WI,43.0827,-89.3923,439553,"Madison is the capital of the U.S. state of Wisconsin and the seat of Dane County. As of July 1\, 2018\, Madison's estimated population of 258\,054 made it the second-largest city in Wisconsin by population\, after Milwaukee\, and the 81st-largest in the United States.",madison
Reno,NV,39.5497,-119.8483,433271,"Reno ( REE-noh) is a city in the northwest section of the U.S. state of Nevada\, approximately 22 miles (35 km) from Lake Tahoe\, known as ""The Biggest Little City in the World"". Known for its casino & tourism industry\, Reno is the county seat and largest city of Washoe County and sits in a high desert river valley at the foot of the Sierra Nevada and its downtown area (along with Sparks) occupies a valley informally known as the Truckee Meadows\, which due to large-scale investments from Seattle & Bay Area companies such as Amazon\, Tesla\, Panasonic\, Microsoft\, Apple and Google has become a new major technology hub in the United States.",reno
